promedio_global,materias_reprobadas,edad,apoyo_familiar,minutos_traslado,horas_estudio,horas_trabajo,horas_sueno,frecuencia_IA,escuela,genero,dependientes_economicos,personas_a_cargo,apoyos_economicos,foraneo,validacion_encuesta,enfermedad_cronica,satisfaccion_carrera,ejercer_carrera
8.4,0.0,20,5,15.0,3.0,0.0,6.0,4,1,1,0,1,1,1,2,0,2,2
6.0,1.0,19,5,60.0,1.0,0.0,7.0,4,1,1,1,1,0,0,2,0,2,2
7.7,0.0,19,5,60.0,1.0,5.0,5.0,4,1,1,0,1,0,0,2,0,2,2
6.4,1.0,19,5,60.0,3.0,1.0,5.0,1,1,1,0,1,1,0,2,0,0,2
6.5,4.0,21,5,40.0,4.0,0.0,6.0,3,1,1,0,1,0,0,2,0,2,2
7.0,1.0,19,5,90.0,1.0,7.0,5.0,5,1,1,0,1,0,0,2,0,0,1
7.2,1.0,19,4,150.0,1.0,7.0,3.0,5,1,1,0,1,0,0,2,0,2,1
6.2,2.0,19,5,120.0,3.0,0.0,7.0,3,1,0,1,1,1,0,2,0,2,2
6.7,1.0,21,5,50.0,1.0,0.0,6.0,5,1,1,1,2,1,0,2,0,2,2
6.4,1.0,20,5,75.0,4.0,0.0,5.0,3,1,0,1,1,0,0,2,0,2,2
6.0,2.0,20,5,100.0,2.0,5.0,4.0,3,1,1,0,1,0,1,2,0,2,2
6.3,2.0,22,5,90.0,2.0,11.0,7.0,4,1,1,0,1,1,0,2,0,2,2
5.8,1.0,19,4,90.0,3.0,0.0,6.0,3,1,1,1,1,1,0,2,0,2,2
6.6,1.0,19,4,40.0,2.0,0.0,7.0,3,1,1,0,1,1,0,2,0,2,2
7.0,2.0,20,3,60.0,2.0,0.0,5.0,5,1,1,0,2,1,0,2,0,0,2
6.0,1.0,19,5,90.0,4.0,0.0,6.0,3,1,1,1,1,1,0,2,0,2,1
8.2,0.0,20,3,60.0,1.0,0.0,8.0,4,1,1,0,1,1,0,2,0,0,1
7.2,4.0,22,4,90.0,2.0,0.0,7.0,4,1,1,1,2,1,0,2,0,2,2
8.7,2.0,22,5,30.0,1.0,0.0,7.0,4,0,0,0,1,1,1,2,0,0,2
8.5,1.0,22,5,120.0,3.0,0.0,6.0,3,0,0,0,1,1,1,2,0,2,2
8.8,0.0,22,5,60.0,8.0,0.0,6.0,3,0,0,0,1,0,0,2,0,2,2
7.6,16.0,26,5,120.0,1.0,0.0,7.0,2,0,0,0,1,0,0,2,0,2,2
7.9,10.0,24,4,110.0,1.5,8.0,5.0,4,0,1,0,2,1,0,2,0,2,2
7.9,5.0,23,4,60.0,3.0,0.0,5.0,2,0,0,0,1,0,0,2,0,2,2
7.1,8.0,24,5,90.0,2.3,0.0,5.0,5,0,1,1,1,1,0,2,1,2,2
8.9,0.0,22,5,120.0,3.0,0.0,6.0,3,0,1,0,1,1,0,2,0,2,2
7.0,4.0,22,5,90.0,4.0,0.0,3.0,1,0,1,0,1,0,0,2,0,0,2
9.2,0.0,23,5,30.0,7.0,0.0,5.0,2,0,0,0,1,0,1,2,0,2,2
8.6,1.0,22,5,30.0,0.0,0.0,5.0,2,0,1,0,1,1,1,2,0,2,1
7.8,8.0,33,5,50.0,2.0,5.0,6.0,4,0,1,0,1,1,0,2,1,2,1
8.6,0.0,24,5,20.0,5.0,4.0,6.0,2,0,0,0,1,1,1,2,0,0,2
7.7,5.0,23,5,25.0,2.0,0.0,8.0,2,0,1,1,1,0,0,2,0,2,2
6.3,1.0,20,5,40.0,5.0,0.0,6.0,3,0,0,0,1,0,0,2,0,0,2
7.6,10.0,23,5,100.0,1.0,0.0,6.0,5,0,1,0,1,0,0,2,0,0,2
7.8,3.0,22,5,120.0,1.0,0.0,6.0,4,0,1,0,1,1,0,2,0,0,2
7.0,2.0,20,5,30.0,4.0,0.0,8.0,3,0,1,0,1,0,0,2,0,2,2
7.5,6.0,23,3,140.0,2.0,0.0,4.0,2,0,0,0,1,1,0,2,0,2,2
8.0,3.0,20,3,120.0,1.0,0.0,4.0,4,0,0,0,1,0,0,2,0,2,2
7.8,3.0,21,5,90.0,5.0,0.0,5.0,2,0,0,0,1,1,0,2,0,2,2
7.8,6.0,22,5,120.0,2.0,0.0,6.0,4,0,0,1,1,1,0,2,0,2,2
8.2,2.0,23,5,110.0,3.0,0.0,6.0,3,0,0,0,1,1,0,2,0,2,2
7.5,8.0,23,4,90.0,6.0,11.0,6.0,3,0,1,0,1,1,0,2,0,2,2
8.0,0.0,21,5,90.0,5.0,0.0,4.0,3,0,0,0,1,0,0,2,0,2,2
7.4,4.0,22,4,75.0,1.0,0.0,6.0,3,0,1,0,1,1,0,2,0,2,2
8.1,6.0,23,5,90.0,2.0,0.0,5.0,1,0,0,0,2,0,0,2,0,2,2
8.2,2.0,23,5,110.0,3.0,0.0,6.0,3,0,0,0,1,1,0,2,0,2,2
7.0,3.0,23,2,90.0,4.0,300.0,4.0,2,0,0,0,1,1,0,2,0,2,2
8.3,1.0,22,5,75.0,3.0,0.0,6.0,4,0,1,0,1,1,0,2,0,2,2
7.0,3.0,21,3,90.0,240.0,0.0,7.0,3,0,0,0,1,1,0,2,0,2,2
8.0,0.0,20,5,90.0,2.0,0.0,7.0,3,8,1,0,1,0,0,2,0,0,2
8.0,3.0,21,4,120.0,1.0,0.0,4.0,2,0,0,0,1,0,0,2,0,2,2
6.5,5.0,21,5,120.0,1.0,6.0,7.0,5,0,1,0,1,0,1,2,0,0,1
8.2,0.0,20,4,99.0,2.5,0.0,7.0,2,8,1,0,1,1,1,2,0,0,2
8.9,0.0,18,5,50.0,4.0,0.0,7.0,3,8,0,0,1,0,1,2,0,2,2
8.0,3.0,20,5,120.0,2.0,0.0,4.0,1,0,0,0,1,1,0,2,0,2,2
7.3,8.0,20,5,80.0,1.0,3.0,4.0,2,0,0,0,1,1,0,2,0,2,2
8.9,2.0,19,3,120.0,1.0,4.0,5.0,3,8,0,1,1,1,0,2,0,1,2
8.1,2.0,22,4,90.0,4.0,3.0,4.0,2,0,1,1,2,1,0,2,1,2,2
8.0,2.0,19,5,150.0,3.0,0.0,4.0,2,8,0,0,1,1,0,2,0,2,2
8.3,2.0,20,4,40.0,0.0,0.0,5.0,5,8,0,0,1,0,1,2,0,2,2
8.4,1.0,19,5,30.0,3.0,0.0,7.0,4,8,1,0,1,1,0,2,0,2,2
7.0,0.0,21,5,150.0,2.0,6.0,2.0,4,0,1,0,1,1,0,2,0,1,1
9.7,0.0,19,3,10.0,3.0,0.0,7.0,4,8,1,0,1,1,1,2,0,2,2
7.9,3.0,19,3,180.0,1.0,2.0,5.0,3,8,0,1,1,1,1,2,0,2,1
7.5,5.0,22,5,70.0,4.0,0.0,5.0,4,0,0,0,1,0,0,2,0,2,1
8.8,0.0,24,5,120.0,5.0,0.0,4.0,4,0,0,0,1,1,1,2,0,2,2
9.0,1.0,20,5,30.0,4.0,0.0,5.0,1,1,0,1,1,1,0,2,0,2,2
8.3,1.0,23,5,120.0,3.0,0.0,6.0,2,0,0,0,1,1,0,2,0,2,2
8.0,5.0,23,1,120.0,4.0,0.0,3.0,1,0,0,0,1,1,0,2,0,1,1
8.1,3.0,20,3,30.0,3.0,5.0,5.0,3,8,0,0,1,1,1,2,0,0,2
7.8,2.0,21,3,120.0,4.0,0.0,4.0,2,0,1,0,1,0,0,2,0,2,2
7.9,1.0,19,4,10.0,2.0,0.0,7.0,3,8,0,0,1,0,1,2,1,2,2
8.0,1.0,22,3,90.0,12.0,0.0,5.0,2,0,0,0,1,1,0,1,0,2,2
0.0,0.0,20,3,120.0,5.0,0.0,4.0,1,0,0,0,1,1,0,2,0,0,0
0.0,0.0,18,4,120.0,2.0,0.0,4.0,3,0,1,0,1,1,0,2,0,2,2
5.7,3.0,20,3,90.0,4.0,0.0,3.0,2,0,0,0,1,1,0,2,0,2,2
5.5,8.0,23,1,120.0,3.0,2.0,6.0,3,0,1,0,1,1,1,2,0,2,2
8.9,0.0,23,5,180.0,3.0,0.0,3.0,3,8,0,1,2,1,1,2,0,2,2
7.5,5.0,19,5,120.0,4.0,0.0,7.0,5,0,1,1,1,1,0,2,0,2,2
7.8,4.0,23,4,120.0,4.0,0.0,4.0,3,8,0,0,1,1,0,2,0,2,2
7.8,5.0,17,5,120.0,4.0,0.0,4.0,2,0,0,1,2,1,0,2,0,2,2
5.1,4.0,20,3,180.0,2.0,0.0,4.0,3,0,1,0,1,1,0,2,0,0,1
6.0,7.0,20,5,120.0,3.0,0.0,6.0,5,0,1,0,1,1,1,2,0,2,2
7.8,3.0,22,4,40.0,4.0,0.0,5.0,4,0,0,0,1,0,0,2,0,2,2
7.0,3.0,21,3,150.0,3.0,2.0,12.0,2,0,0,1,1,1,0,2,0,2,2
7.4,2.0,22,5,100.0,2.0,0.0,6.0,3,0,1,1,1,1,0,2,0,2,2
7.1,6.0,23,5,70.0,3.0,0.0,5.0,1,0,1,0,1,1,0,2,0,2,2
7.9,4.0,20,4,60.0,4.0,0.0,5.0,2,7,0,0,1,1,0,2,0,2,2
8.2,0.0,22,4,150.0,5.0,0.0,4.0,3,0,1,0,1,1,1,2,0,2,2
8.2,4.0,23,4,25.0,6.0,0.0,6.0,3,0,1,0,1,1,1,2,0,2,2
8.1,4.0,22,5,120.0,5.0,0.0,4.0,3,8,0,0,1,1,0,2,0,2,2
7.7,1.0,24,5,60.0,3.0,4.0,7.0,2,0,0,0,1,1,0,2,0,2,2
7.7,2.0,21,5,47.0,2.0,2.0,5.0,2,0,0,0,2,1,0,2,0,0,1
7.8,2.0,26,5,120.0,3.0,24.0,4.0,5,0,0,0,1,0,1,2,0,0,2
7.0,3.0,20,5,40.0,1.0,0.0,6.0,3,0,1,0,1,1,0,2,0,2,2
8.0,0.0,25,5,100.0,8.0,0.0,6.0,4,0,1,0,1,0,0,2,0,2,2
8.1,3.0,22,5,90.0,3.0,0.0,5.0,2,0,0,0,1,1,0,2,0,2,2
6.1,7.0,21,5,120.0,1.0,8.0,5.0,1,0,1,1,1,1,0,2,0,0,1
7.7,3.0,23,5,40.0,4.0,0.0,3.0,1,0,1,0,1,1,0,2,0,2,1
8.8,0.0,20,4,100.0,2.0,0.0,5.0,2,0,1,0,1,0,0,2,0,2,2
8.0,0.0,23,5,75.0,6.0,0.0,4.0,2,0,0,0,1,1,1,2,0,2,2
7.4,8.0,25,4,120.0,5.0,0.0,4.0,3,0,0,0,2,1,0,2,0,0,2
6.3,4.0,20,4,40.0,7.0,0.0,6.0,1,0,0,1,1,0,0,2,0,2,2
6.8,2.0,20,5,90.0,3.0,0.0,5.0,3,0,1,1,1,1,0,1,0,2,2
7.0,1.0,20,5,90.0,3.0,0.0,6.0,3,0,0,1,1,0,0,2,0,2,1
7.7,2.0,20,4,120.0,2.0,8.0,6.0,3,0,1,1,1,1,0,2,0,2,2
6.5,2.0,23,4,60.0,3.0,5.0,6.0,3,0,0,1,1,0,0,2,1,0,2
6.0,2.0,19,3,120.0,3.0,5.0,5.0,2,0,0,0,1,1,0,2,0,2,2
7.7,7.0,22,5,40.0,3.0,0.0,6.0,3,0,0,0,1,1,1,2,0,2,2
6.0,6.0,20,5,70.0,2.0,0.0,6.0,3,0,0,0,1,0,0,2,0,2,2
7.5,14.0,24,3,180.0,3.0,6.0,5.0,5,0,0,0,1,1,1,2,0,2,2
7.5,4.0,22,5,120.0,4.0,0.0,5.0,3,0,1,1,1,1,0,2,0,2,2
7.2,15.0,27,5,90.0,3.0,7.0,4.0,2,0,1,0,1,1,0,2,0,2,2
8.0,1.0,22,5,90.0,5.0,0.0,6.0,1,0,0,0,1,1,0,2,0,2,2
7.0,1.0,23,1,90.0,5.0,0.0,5.0,1,0,0,0,2,1,0,2,0,2,2
7.4,7.0,25,5,120.0,9.0,0.0,5.0,2,0,0,0,1,1,0,2,0,2,2
7.0,3.0,21,5,70.0,1.0,0.0,5.0,2,0,1,0,1,0,0,2,0,2,2
7.0,1.0,22,5,120.0,4.0,0.0,5.0,3,0,0,0,1,1,0,2,0,2,2
7.0,3.0,20,4,90.0,4.0,0.0,5.0,4,0,1,0,2,0,0,2,0,0,2
8.3,5.0,24,4,50.0,4.0,0.0,7.0,3,0,0,0,1,1,0,2,0,2,2
8.7,0.0,21,5,150.0,1.0,0.0,6.0,2,0,1,0,1,1,1,2,0,2,2
7.9,0.0,19,4,60.0,3.0,0.0,4.0,3,0,0,0,1,1,0,2,0,2,2
7.8,2.0,21,5,180.0,2.0,2.0,6.0,3,0,1,0,1,1,1,2,0,2,2
8.0,0.0,19,5,90.0,4.0,0.0,6.0,1,0,0,0,1,0,0,2,0,2,2
8.3,1.0,21,5,90.0,3.0,0.0,6.0,3,0,0,0,1,1,1,2,0,2,2
7.3,5.0,23,4,180.0,4.0,0.0,3.0,3,0,1,1,1,1,0,2,1,2,2
7.0,8.0,22,2,100.0,1.0,16.0,4.0,5,0,0,0,1,1,0,2,0,2,2
7.2,8.0,21,5,20.0,3.0,4.0,6.0,1,0,0,1,2,1,0,2,0,2,2
7.5,10.0,25,4,90.0,3.0,0.0,6.0,4,0,2,0,1,1,0,2,0,2,2
7.3,6.0,23,3,120.0,2.0,4.0,3.0,3,0,0,0,1,1,0,2,0,0,2
6.3,1.0,19,4,120.0,3.0,0.0,5.0,3,0,0,0,1,1,1,2,0,0,2
7.8,2.0,19,5,150.0,2.0,8.0,6.0,4,0,0,1,1,0,0,2,0,2,2
6.8,2.0,19,3,30.0,2.0,4.0,5.0,2,0,0,0,1,1,0,2,0,2,2
8.9,0.0,22,3,90.0,1.0,0.0,6.0,2,0,0,0,1,1,0,2,1,2,2
9.4,0.0,19,5,60.0,5.0,0.0,6.0,3,0,0,0,1,0,0,2,0,2,2
9.2,0.0,22,5,30.0,4.0,0.0,7.0,5,0,0,0,1,0,0,2,0,2,2
8.0,5.0,25,2,150.0,3.0,6.0,3.0,2,0,1,0,1,1,1,2,0,2,2
7.4,7.0,22,4,180.0,1.0,8.0,2.0,2,0,0,1,1,1,1,2,0,2,2
8.4,1.0,20,4,120.0,1.0,0.0,5.0,1,0,1,0,1,1,0,2,0,2,2
8.4,2.0,27,3,40.0,3.0,4.0,6.0,2,8,0,0,2,1,1,2,0,2,2
7.7,7.0,24,4,90.0,1.0,0.0,6.0,3,0,1,0,1,1,0,2,0,0,2
8.0,3.0,24,5,60.0,5.0,0.0,5.0,1,8,1,0,1,1,1,2,0,2,2
8.2,3.0,22,1,60.0,3.0,4.0,5.0,1,8,2,1,2,1,1,2,0,2,2
8.7,1.0,23,5,60.0,120.0,0.0,6.0,3,8,0,0,1,1,0,2,0,2,2
8.6,1.0,23,5,90.0,2.0,0.0,5.0,3,8,1,0,1,0,0,2,0,2,2
9.1,0.0,25,4,100.0,8.0,0.0,7.0,1,4,1,0,1,1,0,2,0,2,1
7.6,4.0,20,5,90.0,2.0,3.0,5.0,1,2,0,0,1,0,0,2,0,2,2
8.1,1.0,19,4,30.0,5.0,0.0,7.0,3,2,0,0,1,1,0,2,0,2,2
8.0,3.0,20,5,90.0,5.0,0.0,8.0,4,1,1,0,1,1,0,2,0,2,2
8.3,1.0,22,5,90.0,2.0,0.0,6.0,3,1,1,0,1,1,0,2,0,2,1
9.2,2.0,21,4,90.0,3.0,0.0,6.0,3,1,0,0,1,0,0,2,1,2,2
7.6,6.0,22,4,90.0,3.0,10.0,3.0,3,1,0,0,2,1,0,2,0,2,2
7.8,4.0,23,4,90.0,3.0,0.0,4.0,3,0,0,0,1,1,0,2,0,2,2
7.4,7.0,20,2,120.0,2.0,3.0,4.0,4,2,1,0,1,1,0,2,0,2,2
7.7,8.0,24,1,150.0,2.0,8.0,6.0,4,2,1,0,1,1,1,2,0,2,2
8.3,2.0,20,5,120.0,1.0,0.0,4.0,3,8,0,1,2,1,1,2,0,0,1
6.1,2.0,19,3,120.0,1.0,4.0,5.0,3,3,0,0,2,1,1,2,1,0,2
7.4,2.0,20,5,120.0,2.0,16.0,5.0,3,3,1,0,1,1,1,2,0,2,2
7.8,0.0,19,5,125.0,3.0,0.0,6.0,3,3,1,1,1,0,0,2,0,2,2
5.4,3.0,19,5,30.0,3.0,0.0,5.0,3,3,0,0,1,1,0,2,0,2,2
7.0,1.0,18,4,90.0,5.0,0.0,4.0,2,3,0,0,1,0,0,2,0,2,2
4.6,3.0,20,3,90.0,1.0,4.0,4.0,1,3,1,1,1,1,0,2,0,2,2
8.5,0.0,19,5,40.0,1.0,5.0,4.0,3,3,1,1,2,1,0,2,0,2,2
6.3,2.0,20,2,180.0,2.0,6.0,5.0,1,3,0,0,1,1,1,2,0,2,2
8.0,2.0,24,4,120.0,0.0,0.0,6.0,3,3,1,1,2,1,0,2,0,2,2
8.2,1.0,23,3,100.0,3.0,0.0,6.0,2,3,1,0,1,1,1,2,0,2,2
8.0,2.0,18,1,90.0,5.0,6.0,4.0,2,3,0,1,2,0,0,2,0,2,2
7.9,1.0,21,5,140.0,3.0,0.0,7.0,4,3,0,0,1,1,0,2,0,2,2
7.9,4.0,24,1,140.0,8.0,6.0,5.0,1,3,0,1,1,1,1,2,0,2,2
8.0,2.0,23,4,180.0,3.0,0.0,5.0,3,3,1,0,1,1,1,2,0,2,2
7.4,1.0,22,2,90.0,3.0,7.0,5.0,2,3,1,1,1,1,0,2,0,2,2
8.0,4.0,22,5,135.0,5.0,0.0,4.0,1,3,0,0,1,1,0,2,0,2,2
7.2,5.0,23,5,120.0,3.0,7.0,4.0,2,3,1,0,1,1,0,2,0,2,2
8.0,4.0,21,5,80.0,5.0,20.0,7.0,2,3,0,0,1,1,0,2,0,2,2
9.3,0.0,19,5,90.0,4.0,0.0,6.0,1,3,2,1,1,1,0,2,0,1,1
8.0,3.0,23,5,90.0,3.0,5.0,4.0,3,3,1,0,1,1,0,2,0,2,2
7.9,5.0,24,4,180.0,5.0,0.0,3.0,5,3,0,0,1,1,1,2,0,2,2
8.0,2.0,21,5,180.0,4.0,0.0,4.0,1,3,0,0,1,1,0,2,0,2,2
8.1,1.0,21,5,180.0,3.0,0.0,4.0,3,3,1,0,1,1,1,2,0,2,2
7.9,2.0,21,5,150.0,3.0,0.0,8.0,2,3,0,0,1,1,0,2,0,2,2
8.3,5.0,23,1,120.0,3.0,8.0,5.0,1,3,0,0,2,1,0,2,0,2,2
7.8,4.0,23,4,150.0,2.0,5.0,5.0,1,3,1,0,1,0,0,2,0,2,2
7.8,10.0,22,4,180.0,0.0,7.0,4.0,4,3,1,1,1,1,0,2,0,2,1
7.1,30.0,26,5,130.0,2.0,6.0,4.0,3,3,1,0,1,0,0,1,0,2,2
7.9,1.0,21,4,75.0,3.0,7.0,5.0,1,3,1,1,1,1,1,2,0,2,2
8.2,3.0,22,5,150.0,9.0,0.0,4.0,3,3,1,0,1,1,1,2,0,2,2
7.4,4.0,22,3,120.0,6.0,4.0,3.0,2,3,1,0,1,1,0,2,0,2,2
8.2,2.0,21,5,140.0,2.0,0.0,6.0,3,3,1,0,1,1,1,2,1,2,2
9.0,2.0,22,3,120.0,3.0,0.0,7.0,1,3,1,1,2,1,1,0,1,2,2
7.9,3.0,23,5,60.0,4.0,0.0,4.0,1,3,0,0,1,0,0,2,0,2,2
8.1,3.0,22,4,120.0,1.0,8.0,4.0,3,3,0,0,1,1,0,2,0,2,2
8.2,4.0,23,5,95.0,4.0,0.0,7.0,2,3,0,0,1,1,0,2,0,2,2
8.1,3.0,22,4,120.0,1.0,8.0,4.0,3,3,0,0,1,1,0,2,0,2,2
8.0,2.0,24,3,90.0,4.0,0.0,6.0,2,3,1,0,1,1,0,2,0,2,2
7.6,5.0,23,3,150.0,3.0,5.0,4.0,2,3,1,0,1,0,0,2,0,2,2
8.5,0.0,22,5,10.0,2.0,0.0,4.0,3,3,1,0,1,1,1,2,0,2,2
8.1,7.0,27,2,120.0,4.0,6.0,5.0,3,3,0,1,2,1,0,2,0,2,2
7.7,2.0,21,5,90.0,3.0,0.0,5.0,3,3,0,0,1,1,0,2,0,2,2
8.5,0.0,21,3,180.0,6.0,9.0,2.5,1,3,1,1,1,1,0,2,0,2,2
8.6,0.0,23,1,15.0,4.0,0.0,6.0,3,3,0,0,1,0,1,2,0,2,2
7.0,1.0,23,3,160.0,120.0,7.0,4.0,4,3,0,0,1,1,1,2,0,2,2
8.3,3.0,22,5,120.0,2.0,0.0,3.0,1,3,1,1,1,1,1,2,0,2,2
7.9,5.0,21,5,90.0,6.0,0.0,4.0,2,3,1,0,1,1,0,2,0,2,2
8.2,4.0,23,4,90.0,6.0,0.0,6.0,2,3,1,1,1,1,0,2,1,2,2
8.4,1.0,22,5,180.0,8.0,0.0,4.0,2,3,0,0,1,1,1,2,0,2,2
7.9,2.0,22,3,60.0,2.0,0.0,5.0,3,3,1,0,1,0,0,2,0,2,2
7.7,4.0,23,5,60.0,4.0,5.0,4.0,1,3,0,0,2,1,0,2,0,2,2
8.4,3.0,23,5,90.0,2.0,0.0,5.0,4,3,1,0,1,0,0,2,1,2,2
8.3,3.0,22,5,15.0,5.0,0.0,5.0,3,3,0,0,1,0,1,2,0,2,2
8.9,1.0,22,4,120.0,2.0,0.0,5.0,2,3,0,0,1,1,0,2,0,2,2
7.5,4.0,22,4,120.0,3.0,5.0,5.0,2,3,1,0,1,1,0,2,0,2,2
6.5,2.0,18,5,20.0,2.0,0.0,8.0,5,3,1,1,1,1,1,2,0,2,2
6.0,8.0,20,5,60.0,3.0,0.0,7.0,2,3,1,0,1,1,0,2,0,2,2
7.9,2.0,22,5,80.0,1.0,0.0,6.0,4,3,0,1,1,1,0,0,0,2,2
7.2,5.0,21,5,20.0,2.0,0.0,6.0,2,3,1,0,1,0,1,2,0,2,2
7.7,3.0,20,3,120.0,3.0,0.0,6.0,3,3,0,1,2,1,0,2,0,2,2
8.2,4.0,22,5,90.0,5.0,9.0,4.0,3,3,0,0,1,1,0,2,0,1,0
5.2,6.0,22,5,120.0,30.0,0.0,5.0,1,4,0,0,1,1,0,2,0,0,2
7.0,6.0,22,5,95.0,4.0,0.0,5.0,1,4,1,1,2,1,0,2,0,2,2
7.2,7.0,23,5,40.0,2.0,0.0,7.0,2,3,0,0,1,0,0,2,0,2,2
5.0,3.0,19,4,90.0,2.0,6.0,4.0,3,5,1,0,1,1,0,2,0,0,1
8.4,0.0,23,4,15.0,1.0,0.0,5.0,1,3,0,0,1,1,1,2,0,2,2
8.4,1.0,23,5,90.0,3.0,0.0,7.0,3,3,1,1,1,0,0,2,0,2,2
7.4,0.0,23,5,90.0,0.0,6.0,2.0,1,3,1,0,1,1,0,1,0,1,0
5.0,4.0,19,3,150.0,3.0,0.0,6.0,1,4,0,1,1,1,0,2,0,2,2
7.0,5.0,30,5,180.0,2.0,0.0,5.0,2,3,1,0,1,1,0,2,0,2,2
8.0,0.0,22,5,120.0,2.0,5.0,6.0,4,3,1,1,1,1,0,2,0,2,2
8.8,0.0,22,2,150.0,4.0,0.0,6.0,2,3,1,0,1,1,0,2,0,2,2
8.0,5.0,23,5,90.0,1.0,6.0,7.0,3,3,1,0,1,1,0,2,0,2,2
8.2,2.0,21,5,25.0,3.0,5.0,9.0,4,3,1,0,1,1,1,2,0,2,2
7.8,3.0,20,5,10.0,6.0,0.0,5.0,5,3,1,0,1,1,1,2,0,2,2
8.8,0.0,22,5,45.0,2.0,4.0,5.0,4,3,1,0,1,0,0,2,0,0,2
8.1,1.0,21,3,120.0,3.0,4.0,4.0,1,3,1,1,2,1,1,2,0,2,2
7.8,0.0,19,5,60.0,2.0,0.0,6.0,3,3,1,1,1,1,1,2,0,2,1
8.0,3.0,23,5,100.0,3.0,0.0,4.0,3,3,0,0,2,0,1,2,0,2,1
9.0,0.0,23,4,30.0,3.0,0.0,6.0,2,3,1,0,1,1,1,2,0,2,2
7.5,6.0,25,5,180.0,3.0,5.0,6.0,1,3,1,0,2,1,0,2,0,2,2
9.4,0.0,23,5,20.0,12.0,0.0,6.0,2,3,1,0,1,1,1,2,0,2,2
8.1,2.0,23,4,40.0,5.0,0.0,7.0,2,3,0,0,2,1,1,2,1,2,2
8.0,2.0,24,5,40.0,4.0,0.0,5.0,2,3,1,0,1,1,1,2,0,2,2
8.0,4.0,23,5,60.0,3.0,4.0,5.0,2,3,1,1,2,0,0,2,0,2,2
4.5,3.0,20,4,90.0,3.0,0.0,6.0,4,3,1,0,2,1,1,2,0,2,2
8.4,1.0,21,4,75.0,2.0,0.0,7.0,4,3,0,0,1,1,0,2,0,2,2
7.9,4.0,22,5,90.0,4.0,0.0,7.0,3,3,0,0,1,1,0,2,0,2,2
8.4,0.0,21,5,30.0,2.0,0.0,7.0,4,3,1,0,1,1,1,1,0,2,2
7.7,3.0,22,5,90.0,2.0,0.0,5.0,1,3,1,1,1,1,0,2,0,2,2
7.0,3.0,22,5,90.0,2.0,0.0,6.0,4,3,1,1,2,1,0,1,0,2,2
7.7,0.0,20,3,100.0,2.0,0.0,4.0,3,3,1,1,1,1,0,1,0,1,1
7.9,4.0,22,4,150.0,8.0,0.0,4.0,2,3,0,0,2,1,0,2,0,2,2
8.0,4.0,22,1,30.0,2.0,4.0,6.0,1,3,1,1,1,0,1,2,0,2,2
8.5,1.0,20,5,150.0,2.0,0.0,5.0,4,3,0,0,1,0,0,2,0,2,2
8.0,3.0,23,3,120.0,10.0,0.0,6.0,2,3,0,0,2,1,0,2,0,2,2
8.5,3.0,20,5,150.0,8.0,0.0,6.0,1,3,1,0,1,1,0,2,0,2,2
7.4,1.0,21,4,80.0,1.0,0.0,6.0,1,3,1,1,2,0,0,2,0,2,2
8.5,0.0,21,5,150.0,6.0,0.0,5.0,1,3,0,0,1,1,0,2,0,2,2
7.8,5.0,22,3,180.0,5.0,5.0,5.0,3,3,0,0,1,1,1,2,0,2,2
7.7,6.0,21,3,45.0,4.0,0.0,7.0,3,3,1,0,1,1,1,2,0,0,2
8.6,3.0,24,3,90.0,4.0,0.0,4.0,4,3,0,0,1,1,0,2,0,1,0
8.3,0.0,22,5,10.0,8.0,0.0,5.0,3,3,1,1,1,1,1,2,0,2,2
7.0,2.0,22,2,120.0,2.0,0.0,6.0,4,3,0,0,1,1,0,2,0,2,2
8.1,0.0,22,5,140.0,3.0,0.0,4.0,3,3,1,0,1,1,0,2,0,2,2
9.4,1.0,23,5,40.0,4.0,0.0,7.0,4,3,0,0,1,1,1,2,0,2,2
8.8,1.0,22,4,30.0,3.0,0.0,5.0,3,3,0,0,1,0,0,2,0,2,2
8.0,1.0,20,5,120.0,4.0,0.0,6.0,3,3,1,0,1,1,0,2,0,2,2
8.2,0.0,21,5,50.0,7.0,0.0,5.0,3,3,1,1,1,1,1,2,0,2,2
9.0,0.0,21,5,10.0,4.0,0.0,5.0,3,3,0,0,1,1,1,2,0,0,2
8.5,0.0,22,5,15.0,3.0,4.0,6.0,1,3,1,0,1,1,1,2,0,2,2
7.9,6.0,22,4,45.0,4.0,0.0,6.0,2,3,0,0,1,1,0,2,0,2,2
8.0,3.0,23,5,90.0,1.0,8.0,4.0,2,3,1,1,1,1,0,2,0,2,2
8.6,0.0,22,4,120.0,7.0,0.0,4.0,2,3,0,0,1,1,1,2,0,2,2
8.8,1.0,22,5,30.0,4.0,3.0,7.0,1,3,1,0,1,1,1,2,0,2,2
8.0,2.0,21,5,150.0,200.0,0.0,5.0,1,3,1,1,2,0,0,2,1,2,2
7.9,4.0,22,5,120.0,3.0,0.0,4.0,3,3,0,0,1,1,1,2,0,2,2
7.0,1.0,20,5,90.0,4.0,6.0,4.0,3,3,1,1,1,0,0,2,0,2,2
9.2,1.0,22,4,90.0,4.0,0.0,5.0,3,3,1,0,1,1,0,2,0,2,2
9.0,0.0,27,2,15.0,4.0,6.0,5.0,3,3,0,0,1,1,0,2,0,2,2
7.4,4.0,23,3,130.0,4.0,16.0,6.0,1,3,1,0,1,0,1,2,0,2,2
7.7,4.0,20,4,90.0,4.0,5.0,5.0,4,3,1,0,1,1,0,2,0,2,2
8.0,1.0,22,3,120.0,3.0,8.0,5.0,2,3,1,0,1,1,1,2,0,2,2
7.1,8.0,22,4,120.0,4.0,0.0,4.0,3,3,1,0,1,0,0,2,0,2,2
7.8,4.0,22,5,60.0,3.0,2.0,5.0,1,3,1,0,1,1,1,2,0,2,2
7.3,2.0,20,5,12.0,1.0,0.0,7.0,4,3,1,0,1,0,1,2,0,2,2
7.5,1.0,21,5,120.0,2.0,0.0,4.0,2,3,1,0,1,1,0,2,0,2,2
8.1,4.0,22,5,150.0,5.0,0.0,4.0,2,3,0,0,1,0,0,2,0,2,2
7.0,5.0,22,4,150.0,4.0,0.0,3.5,2,3,0,1,2,1,0,2,0,2,2
6.0,4.0,21,5,126.0,3.0,0.0,6.0,1,3,1,0,1,1,0,2,0,2,2
7.9,5.0,22,2,30.0,5.0,4.0,5.0,1,3,1,1,1,1,1,2,0,2,2
8.0,4.0,22,5,60.0,5.0,0.0,7.0,5,3,1,1,1,1,1,2,0,2,2
8.0,0.0,20,5,90.0,2.0,0.0,5.0,5,4,1,0,1,1,0,2,0,2,2
8.0,0.0,22,5,20.0,5.0,2.0,6.0,3,3,1,0,1,1,1,2,0,0,2
8.0,0.0,22,5,20.0,5.0,2.0,6.0,3,3,1,0,1,1,1,2,0,0,2
7.8,2.0,20,5,180.0,5.0,0.0,5.0,3,3,0,0,1,1,0,2,0,2,2
7.0,5.0,23,5,15.0,0.0,5.0,8.0,3,3,1,0,1,1,0,2,0,2,2
7.5,5.0,22,5,17.0,5.0,0.0,7.5,1,3,1,0,1,0,1,2,0,2,2
7.5,7.0,24,5,90.0,4.0,7.0,5.0,2,3,1,0,1,1,0,2,0,2,2
7.8,5.0,21,4,150.0,1.0,5.0,5.0,3,3,1,0,1,1,0,2,0,2,2
9.8,0.0,21,5,120.0,4.0,0.0,6.0,2,3,1,0,1,1,0,2,0,2,2
8.0,0.0,19,4,150.0,2.0,0.0,6.0,5,4,1,0,1,1,1,2,0,2,2
7.4,8.0,25,5,90.0,5.0,0.0,7.0,2,3,1,0,1,0,0,2,0,2,2
8.0,0.0,20,5,90.0,2.0,0.0,6.0,2,4,0,0,1,1,0,2,0,2,2
8.8,0.0,19,5,120.0,1.0,4.0,7.0,2,4,0,0,1,1,0,2,0,0,2
8.3,1.0,22,5,150.0,4.0,0.0,5.0,4,3,0,0,1,1,1,2,0,2,2
7.6,0.0,20,3,90.0,3.0,0.0,5.0,5,4,1,0,1,1,0,2,0,2,2
8.8,0.0,21,5,90.0,2.0,0.0,4.0,4,3,1,0,1,0,0,2,0,2,2
7.0,2.0,20,5,60.0,0.0,0.0,7.0,4,3,1,0,1,0,0,2,0,0,1
8.9,0.0,20,5,100.0,2.0,0.0,6.0,3,3,1,0,1,1,0,2,0,2,2
7.0,2.0,20,5,90.0,2.0,0.0,6.0,2,3,1,0,1,0,0,2,0,2,2
7.5,5.0,22,3,105.0,3.0,4.0,4.0,3,3,0,1,1,1,0,2,0,1,1
8.0,4.0,19,3,180.0,5.0,8.0,5.0,3,2,0,0,1,1,0,2,0,2,2
8.0,7.0,19,2,120.0,2.0,0.0,5.0,5,2,0,0,1,1,0,2,0,2,1
8.5,1.0,20,4,120.0,3.0,0.0,4.0,1,3,1,1,1,1,0,2,0,2,2
9.7,0.0,20,5,90.0,5.0,6.0,6.0,2,3,0,0,1,1,0,2,0,2,2
9.5,0.0,20,5,45.0,3.0,0.0,5.0,3,3,0,0,1,1,1,2,0,2,2
9.1,14.0,21,5,120.0,5.0,0.0,5.0,5,2,0,0,1,1,1,2,0,2,2
8.8,1.0,20,5,180.0,0.0,4.0,5.0,4,3,1,0,1,1,1,2,0,2,2
7.5,4.0,23,5,130.0,6.0,0.0,7.0,1,3,0,1,1,0,0,2,0,0,2
7.9,0.0,20,4,90.0,2.0,0.0,5.0,1,3,1,0,1,0,0,2,0,2,2
8.2,1.0,20,5,20.0,1.0,0.0,5.0,1,3,0,0,1,0,1,2,0,2,2
8.5,0.0,20,5,120.0,1.0,0.0,8.0,3,3,1,0,1,1,1,2,0,2,2
8.8,0.0,21,5,30.0,5.0,0.0,6.0,2,3,0,0,1,1,1,2,0,2,2
7.7,4.0,24,4,150.0,4.0,0.0,5.0,2,0,0,0,2,1,0,2,0,2,2
6.4,10.0,23,4,130.0,2.0,6.0,8.0,3,3,1,1,1,1,0,0,0,2,1
7.5,5.0,23,5,30.0,4.0,4.0,5.0,3,0,0,0,1,1,0,2,0,2,2
9.0,0.0,20,5,150.0,5.0,0.0,5.5,2,3,1,1,1,1,0,2,0,2,2
7.8,5.0,22,5,100.0,3.0,0.0,5.0,3,3,0,0,1,0,0,2,1,2,2
7.5,4.0,20,4,120.0,4.0,0.0,6.0,3,3,0,0,1,0,0,2,0,2,2
8.3,3.0,23,5,70.0,5.0,0.0,6.0,1,3,1,0,1,1,1,2,0,2,2
9.3,0.0,23,3,60.0,5.0,5.0,6.0,4,3,0,1,2,1,0,2,0,2,2
9.0,0.0,20,5,150.0,2.0,0.0,5.0,2,1,0,0,1,0,1,2,0,2,2
8.2,3.0,19,3,120.0,2.0,0.0,5.0,2,4,1,0,2,1,0,2,0,2,2
8.1,3.0,23,5,30.0,8.0,6.0,7.0,4,3,1,1,1,1,1,2,0,2,2
8.5,2.0,21,4,90.0,4.0,0.0,4.0,3,3,1,0,1,1,1,2,0,2,2
9.1,2.0,17,5,20.0,5.0,0.0,6.0,3,4,0,0,1,0,1,2,0,0,2
7.8,7.0,25,5,20.0,5.0,4.0,6.0,2,3,1,0,1,0,1,2,0,2,2
7.6,4.0,21,5,150.0,3.0,30.0,6.0,5,3,0,0,1,0,0,2,0,2,2
8.5,3.0,23,4,40.0,2.0,10.0,7.0,2,3,1,1,1,1,0,2,0,2,2
7.4,10.0,23,1,120.0,2.0,0.0,4.0,2,3,0,0,1,1,0,2,0,2,2
8.5,1.0,22,5,40.0,3.0,0.0,6.0,2,3,0,0,1,1,1,1,0,2,2
7.0,10.0,24,5,50.0,0.0,0.0,5.0,1,3,0,0,1,1,0,2,0,1,1
7.0,5.0,23,4,120.0,1.0,2.0,4.0,4,3,0,0,1,0,0,2,0,2,1
8.0,2.0,22,4,120.0,240.0,0.0,240.0,2,3,0,0,1,1,0,2,0,2,2
7.8,5.0,23,5,50.0,2.0,0.0,5.0,3,3,1,0,1,0,1,2,0,2,2
6.6,8.0,25,5,90.0,3.0,4.0,7.0,3,3,1,1,1,0,1,2,0,2,2
6.9,8.0,22,4,90.0,2.0,0.0,10.0,1,3,1,1,1,0,0,2,1,0,1
8.1,4.0,23,3,100.0,2.0,0.0,5.0,3,3,0,0,1,1,0,2,0,2,2
6.5,3.0,19,5,90.0,4.0,0.0,8.0,4,4,1,1,1,0,0,2,0,2,2
7.0,3.0,19,5,60.0,10.0,8.0,4.0,3,4,0,0,1,1,0,2,0,2,2
8.0,2.0,21,4,100.0,5.0,4.0,5.0,2,3,0,0,1,0,0,2,0,2,2
7.4,1.0,20,5,60.0,2.0,0.0,7.0,3,3,1,1,1,0,0,2,0,2,2
7.6,2.0,22,5,80.0,3.0,0.0,5.0,4,3,1,0,1,1,0,2,0,2,2
8.0,3.0,19,4,120.0,3.0,4.0,6.0,1,3,1,1,2,1,0,2,0,2,2
8.4,1.0,20,4,60.0,3.0,7.0,3.0,2,3,1,1,1,1,0,2,0,2,2
6.5,4.0,22,5,150.0,2.0,0.0,6.0,2,3,1,0,1,0,1,2,0,2,2
7.5,3.0,21,5,90.0,90.0,0.0,5.0,5,3,1,0,1,0,0,2,0,2,2
6.0,3.0,20,2,180.0,5.0,0.0,4.0,3,3,0,1,2,1,1,2,0,2,2
8.3,2.0,20,5,180.0,3.0,0.0,5.0,3,3,1,0,1,1,1,2,0,2,2
7.9,2.0,21,4,180.0,2.0,0.0,5.0,2,3,0,1,2,1,0,2,0,2,2
7.0,30.0,23,3,140.0,2.0,4.0,5.0,3,4,1,0,1,1,1,2,0,2,2
7.2,3.0,21,4,120.0,3.0,0.0,5.0,5,3,1,0,2,0,1,2,0,2,2
8.0,0.0,20,5,90.0,1.0,0.0,6.0,2,3,0,0,1,1,0,2,0,2,2
8.4,2.0,21,5,90.0,2.0,0.0,6.0,3,3,0,0,1,1,0,2,0,2,2
8.1,0.0,20,5,140.0,4.0,4.0,5.0,4,4,1,0,1,1,1,2,0,2,2
6.8,6.0,23,5,90.0,6.0,0.0,3.0,1,3,1,0,1,0,0,2,0,2,2
8.7,1.0,19,3,90.0,1.0,6.0,5.0,3,4,1,0,1,1,1,2,1,0,1
7.0,5.0,22,4,60.0,3.0,0.0,4.0,2,4,0,0,2,1,0,2,0,1,2
7.0,0.0,18,2,30.0,3.0,0.0,6.0,2,4,0,0,1,1,1,2,0,2,2
7.0,1.0,18,4,160.0,3.0,0.0,6.0,4,4,0,0,1,1,0,2,0,0,1
6.8,2.0,20,1,90.0,1.0,12.0,4.0,2,4,1,0,1,1,1,2,0,2,2
8.5,2.0,19,3,170.0,5.0,0.0,4.0,3,4,1,0,2,1,1,2,0,2,1
7.0,0.0,20,4,90.0,2.0,0.0,5.0,3,4,0,0,1,0,1,2,0,0,2
6.3,6.0,23,5,180.0,2.0,0.0,5.0,5,3,1,0,1,1,0,2,0,2,2
6.0,2.0,19,2,120.0,4.0,8.0,5.0,2,4,0,0,1,1,0,2,0,0,2
6.0,3.0,18,1,120.0,1.0,7.0,3.0,3,4,1,0,1,1,0,2,0,0,1
7.8,34.0,23,4,150.0,3.0,0.0,6.0,3,4,1,0,1,1,0,2,0,2,2
6.7,4.0,18,4,10.0,2.0,6.0,4.0,3,4,1,1,1,1,0,2,0,0,1
7.5,4.0,22,5,120.0,90.0,7.0,6.0,2,4,0,0,1,1,0,2,0,2,2
7.7,6.0,23,4,120.0,5.0,0.0,8.0,2,4,0,0,1,1,1,2,0,2,2
8.5,0.0,21,5,90.0,2.0,0.0,6.0,2,3,1,0,1,1,0,2,0,2,2
7.0,2.0,20,3,120.0,1.0,0.0,5.0,2,4,0,0,1,1,0,2,1,2,2
9.0,0.0,21,5,120.0,8.0,0.0,5.0,1,3,1,0,1,1,0,2,0,2,2
7.0,3.0,23,1,40.0,2.0,5.0,8.0,1,4,1,1,2,1,0,1,0,2,1
7.8,4.0,22,5,60.0,4.0,0.0,6.0,1,3,1,0,1,1,0,2,0,2,2
7.6,4.0,21,5,120.0,1.0,1.0,6.0,3,3,1,0,1,1,0,2,0,2,2
7.3,6.0,22,5,180.0,1.0,0.0,6.0,2,3,1,0,1,0,0,2,0,2,2
7.9,8.0,25,4,140.0,2.0,3.0,5.0,2,3,1,0,1,1,0,2,0,0,1
8.9,0.0,21,5,180.0,1.0,0.0,8.0,3,3,0,1,1,1,1,2,0,2,2
7.5,2.0,22,5,90.0,4.0,0.0,5.0,3,3,1,1,1,1,0,2,0,2,2
8.5,5.0,24,3,90.0,2.0,5.0,7.0,2,3,1,0,1,1,0,2,0,0,1
7.1,6.0,20,5,120.0,5.0,0.0,6.0,4,3,0,0,1,0,0,2,0,2,2
8.0,1.0,21,3,30.0,30.0,8.0,6.0,4,3,1,0,1,0,1,0,0,2,2
7.4,2.0,21,4,120.0,4.0,0.0,6.0,3,3,0,0,1,1,1,2,0,2,2
8.4,2.0,21,5,180.0,5.0,0.0,5.0,3,3,0,0,1,1,1,2,0,2,2
6.8,25.0,27,3,125.0,3.0,2.0,6.0,3,3,1,0,2,0,0,2,0,2,1
6.6,5.0,21,5,120.0,2.0,0.0,5.0,3,3,1,1,1,1,0,2,0,2,2
8.3,0.0,20,5,150.0,1.0,0.0,7.0,1,4,1,0,1,1,0,2,0,0,2
7.1,1.0,20,5,90.0,10.0,0.0,4.0,2,3,2,1,1,1,0,1,0,0,1
7.3,9.0,23,4,120.0,2.0,0.0,5.0,1,3,0,0,1,1,0,2,0,0,1
6.8,5.0,22,5,95.0,2.0,0.0,6.0,1,3,1,1,1,0,0,2,0,2,2
7.5,3.0,20,5,75.0,3.0,0.0,2.0,3,3,1,1,1,1,1,0,0,2,2
7.4,3.0,21,5,120.0,4.0,5.0,8.0,5,3,1,0,1,1,0,2,0,2,2
7.5,3.0,21,5,60.0,2.0,6.0,5.0,2,4,1,0,1,1,0,2,0,2,2
7.2,2.0,20,5,10.0,4.0,0.0,7.0,2,3,1,0,1,0,1,2,0,2,2
7.8,1.0,19,5,130.0,2.0,0.0,5.0,2,3,1,1,2,1,0,2,0,2,2
6.8,3.0,21,5,25.0,2.0,0.0,6.0,1,3,1,0,1,1,1,2,0,2,2
8.4,0.0,20,5,40.0,2.0,0.0,7.0,3,3,0,0,1,1,0,2,0,2,2
7.9,1.0,20,2,65.0,2.0,6.0,5.0,4,3,0,0,1,1,0,2,0,1,0
8.7,0.0,19,5,150.0,4.0,0.0,6.0,3,3,0,0,1,0,0,2,0,2,2
8.5,1.0,20,5,40.0,5.0,0.0,7.0,1,3,0,0,1,0,0,2,0,2,2
8.7,1.0,19,5,90.0,5.0,0.0,5.0,3,3,1,0,1,1,0,2,0,2,2
7.7,4.0,25,5,160.0,4.0,0.0,4.0,1,4,0,0,2,1,0,2,0,2,2
8.8,0.0,19,3,30.0,1.0,7.5,6.0,2,3,1,0,1,1,1,2,0,2,2
8.0,1.0,19,4,80.0,2.0,0.0,6.0,2,3,0,0,2,1,0,2,0,2,2
8.0,0.0,19,5,100.0,4.0,0.0,5.0,1,3,1,1,1,1,1,2,0,2,2
8.5,0.0,19,1,45.0,3.0,0.0,7.0,3,3,0,0,1,0,0,2,0,2,2
7.5,2.0,20,3,180.0,2.0,0.0,6.0,2,3,1,0,1,1,1,2,0,2,2
7.8,4.0,22,3,90.0,4.0,0.0,5.0,1,4,1,0,1,1,0,2,0,2,2
7.9,0.0,19,5,90.0,2.0,0.0,8.0,3,4,1,0,1,0,0,2,0,2,2
8.4,0.0,19,5,90.0,6.0,0.0,5.0,1,3,1,0,1,0,0,2,0,2,0
8.5,0.0,20,5,30.0,1.0,0.0,8.0,2,4,1,0,1,1,1,2,0,2,2
8.3,5.0,24,5,90.0,3.0,0.0,6.0,4,3,0,0,1,1,0,2,0,2,2
9.1,0.0,22,4,15.0,3.0,0.0,7.0,4,3,0,0,1,1,1,2,0,2,1
6.5,2.0,20,4,120.0,1.0,0.0,6.0,3,3,1,1,1,1,1,0,0,2,2
9.1,0.0,22,5,20.0,4.0,0.0,6.0,5,3,1,0,1,1,1,2,0,2,2
7.8,5.0,25,5,120.0,4.0,0.0,6.0,2,3,1,0,1,1,1,2,0,2,2
8.4,0.0,22,5,180.0,5.0,0.0,5.0,3,3,0,0,1,1,0,2,0,2,2
9.2,0.0,19,5,120.0,6.0,0.0,5.0,2,3,1,0,1,1,1,2,0,2,2
7.0,6.0,23,5,60.0,1.0,7.0,8.0,4,4,1,0,1,0,0,2,0,2,1
5.0,5.0,19,4,50.0,3.0,0.0,4.0,2,5,1,1,1,0,1,2,0,0,2
7.5,0.0,19,3,90.0,5.0,0.0,4.0,3,4,1,0,1,0,0,2,0,0,2
6.7,2.0,20,5,30.0,3.0,0.0,6.0,3,4,1,0,1,1,0,2,0,2,2
8.0,0.0,23,1,90.0,4.0,1.0,5.0,3,3,1,0,2,1,0,2,0,2,2
7.0,1.0,20,5,90.0,2.0,0.0,5.0,3,3,1,0,1,0,1,2,0,2,2
8.9,0.0,21,4,70.0,0.0,0.0,6.0,3,3,1,0,1,1,0,2,0,2,2
8.2,3.0,23,5,120.0,5.0,0.0,6.0,2,3,1,1,1,1,1,2,0,2,2
8.7,0.0,23,5,120.0,4.0,6.0,4.0,3,3,0,1,1,1,1,0,0,2,2
6.5,5.0,22,2,120.0,4.0,10.0,6.0,1,4,1,0,1,1,1,2,0,2,2
7.8,3.0,25,5,120.0,2.0,2.0,5.0,2,3,1,0,1,1,0,2,0,2,2
9.7,0.0,18,5,120.0,4.0,0.0,4.0,2,3,1,0,1,0,1,2,0,2,2
9.5,0.0,18,5,45.0,2.0,0.0,6.0,3,3,1,0,1,0,0,2,0,2,2
8.0,0.0,19,5,50.0,5.0,0.0,6.0,3,3,0,0,1,1,1,2,0,1,0
9.0,0.0,18,5,120.0,5.0,0.0,5.0,1,3,1,0,1,1,0,2,0,2,2
7.1,3.0,23,5,120.0,3.0,0.0,5.0,2,3,1,0,1,0,1,2,0,2,2
9.5,0.0,18,5,30.0,4.0,0.0,4.0,1,3,0,0,1,0,0,2,0,0,2
9.5,0.0,18,4,60.0,4.0,0.0,5.0,4,3,0,0,1,0,0,2,0,2,2
6.6,7.0,21,2,110.0,3.0,6.0,3.0,1,4,0,1,1,1,1,2,0,0,2
9.0,0.0,18,5,15.0,5.0,0.0,7.0,5,3,1,0,1,1,1,2,0,0,1
7.2,0.0,19,5,30.0,3.0,0.0,6.0,4,4,1,0,1,0,0,2,0,2,2
9.2,0.0,18,5,40.0,4.0,0.0,7.0,3,3,1,0,1,1,1,2,0,0,2
8.0,2.0,22,4,120.0,6.0,0.0,5.0,4,4,1,0,1,1,0,2,0,2,2
8.5,2.0,22,5,15.0,3.0,4.0,7.0,3,3,1,0,1,1,1,2,0,2,2
6.0,3.0,20,4,40.0,4.0,13.0,5.0,2,4,1,0,1,0,0,2,0,2,2
7.2,4.0,21,4,120.0,2.0,4.0,5.0,2,4,0,1,1,1,0,2,1,0,2
9.3,0.0,18,5,180.0,2.0,2.0,4.0,3,3,0,0,1,1,0,2,0,2,2
9.4,0.0,18,5,60.0,3.0,0.0,5.0,2,3,1,0,1,1,0,2,0,2,2
7.3,0.0,19,4,90.0,3.0,0.0,4.0,3,4,0,1,1,1,0,2,0,2,2
7.9,4.0,22,5,90.0,4.0,4.0,5.0,1,4,1,0,1,1,1,2,0,2,2
10.0,0.0,24,4,50.0,3.0,0.0,7.0,3,4,1,0,1,1,1,2,0,2,2
8.0,0.0,20,5,120.0,5.0,0.0,5.0,3,3,0,0,1,0,0,2,0,2,2
8.3,2.0,22,5,60.0,4.0,8.0,5.0,5,4,0,0,1,1,0,2,1,2,2
9.0,0.0,19,5,120.0,1.0,0.0,6.0,3,3,1,0,1,0,1,2,0,2,2
8.0,0.0,20,5,15.0,2.0,0.0,8.0,3,4,1,0,1,0,1,2,0,2,2
8.7,1.0,19,4,60.0,4.0,0.0,4.0,2,3,1,1,1,1,0,2,0,2,2
8.5,1.0,20,5,150.0,3.0,0.0,6.0,5,3,0,0,1,1,0,2,0,2,2
8.1,3.0,23,5,180.0,5.0,0.0,8.0,1,3,1,1,1,1,0,2,0,2,2
7.0,0.0,20,3,120.0,3.0,0.0,4.0,3,4,0,1,1,1,0,2,0,2,2
8.5,3.0,22,3,90.0,6.0,0.0,4.0,1,4,1,1,1,1,1,2,0,0,2
8.0,0.0,20,5,180.0,5.0,0.0,4.0,2,3,0,0,1,1,1,2,0,2,2
8.1,0.0,20,5,20.0,3.0,0.0,5.0,2,3,1,1,2,1,1,2,0,2,2
8.5,1.0,22,5,150.0,5.0,1.0,4.0,2,3,1,1,1,1,1,2,0,2,2
7.0,0.0,20,5,150.0,5.0,0.0,5.0,2,3,0,0,1,1,1,2,0,2,2
8.0,0.0,21,5,120.0,4.0,0.0,5.0,2,3,0,0,0,1,0,2,0,2,2
6.8,2.0,21,5,20.0,3.0,0.0,6.0,2,4,1,0,1,1,1,2,0,2,2
8.0,1.0,19,5,50.0,2.0,10.0,5.0,1,3,0,1,1,0,0,2,1,2,2
8.2,1.0,20,5,120.0,2.0,0.0,6.0,3,3,0,0,1,1,0,2,0,2,2
8.2,1.0,18,5,180.0,3.0,0.0,5.0,3,3,0,0,1,1,0,2,0,2,2
6.1,2.0,21,3,120.0,2.0,0.0,5.0,2,3,0,1,1,1,1,2,0,2,2
7.7,2.0,20,5,15.0,2.0,0.0,7.0,1,3,0,0,1,1,1,2,0,2,2
8.0,2.0,18,5,10.0,1.0,0.0,7.0,4,3,1,1,1,1,1,2,0,0,2
8.5,1.0,20,5,50.0,3.0,4.0,6.0,2,3,1,0,1,1,0,0,0,2,2
7.5,0.0,18,3,120.0,2.0,0.0,7.0,4,3,1,1,2,1,0,2,0,2,2
8.3,1.0,18,4,120.0,1.0,0.0,7.0,5,3,1,0,1,1,0,2,0,2,2
9.1,0.0,24,1,45.0,6.0,10.0,5.0,2,3,0,1,2,1,1,2,0,2,2
8.3,1.0,18,4,120.0,2.0,0.0,4.0,3,3,1,0,1,1,1,2,0,0,2
8.0,2.0,18,3,120.0,3.0,0.0,6.0,2,3,1,0,1,1,1,2,0,2,2
8.3,0.0,18,5,120.0,2.0,4.0,4.0,1,3,1,0,2,1,1,2,0,2,2
9.0,0.0,18,5,24.0,2.0,0.0,6.0,1,3,1,0,1,0,1,2,0,0,2
8.0,0.0,18,1,25.0,1.0,0.0,7.0,3,3,1,0,1,1,1,2,0,0,1
8.7,0.0,19,4,120.0,3.0,0.0,5.0,2,3,0,0,1,1,0,2,0,2,2
8.6,0.0,22,1,90.0,6.0,0.0,6.0,1,4,1,1,1,1,1,2,0,2,2
8.5,0.0,20,5,40.0,0.0,0.0,6.0,3,3,1,1,1,0,0,2,0,2,2
8.3,0.0,18,5,120.0,1.0,0.0,4.0,4,5,1,0,1,1,1,2,0,0,1
7.3,3.0,20,4,180.0,4.0,5.0,3.0,3,3,0,0,1,0,1,2,0,2,2
7.9,2.0,20,4,60.0,2.0,2.0,6.0,4,8,1,0,1,0,1,2,0,0,2
8.3,0.0,19,3,50.0,1.0,0.0,4.0,4,8,0,1,1,1,0,2,1,2,2
7.3,0.0,18,4,70.0,2.0,0.0,5.0,3,5,1,0,1,0,1,2,0,0,1
7.8,0.0,21,4,120.0,2.0,3.0,5.0,3,8,1,1,2,1,1,2,0,0,1
8.5,0.0,21,3,90.0,2.0,0.0,4.0,2,8,0,0,1,0,1,2,1,2,2
8.0,2.0,18,5,12.0,4.0,0.0,7.0,4,8,2,0,1,1,1,2,0,2,2
7.0,4.0,24,5,80.0,4.0,2.0,6.0,2,4,0,0,1,1,0,2,0,2,2
8.8,0.0,19,5,50.0,2.0,0.0,4.0,4,8,0,1,1,1,1,2,0,2,2
7.0,1.0,18,4,90.0,3.0,0.0,4.0,2,4,0,0,1,1,0,2,0,0,2
6.0,3.0,20,5,20.0,3.0,0.0,4.0,4,5,1,1,1,0,0,2,0,2,2
9.6,0.0,18,5,120.0,2.0,0.0,6.0,5,3,0,0,1,1,1,2,0,2,2
7.4,10.0,27,5,50.0,8.0,0.0,5.0,1,0,0,0,1,0,0,2,0,2,2
7.5,1.0,21,5,75.0,3.0,0.0,5.0,2,3,1,0,1,1,0,2,0,2,2
8.2,3.0,20,3,180.0,3.0,8.0,4.0,2,4,1,0,1,1,1,2,1,2,2
8.1,0.0,20,4,110.0,2.0,0.0,4.0,1,4,1,0,1,1,0,2,0,2,2
8.3,0.0,20,5,90.0,2.0,6.0,5.0,3,7,0,0,1,0,0,2,0,2,2
8.7,1.0,25,5,40.0,7.0,0.0,3.5,2,3,1,0,1,1,1,2,0,2,2
9.0,1.0,20,4,40.0,4.0,0.0,4.0,1,3,1,0,1,1,1,2,0,2,2
8.2,0.0,18,3,180.0,2.0,0.0,4.0,2,4,1,0,1,1,1,2,0,2,2
8.4,5.0,23,3,20.0,2.0,6.0,6.0,1,4,1,0,1,1,1,2,0,2,2
7.5,7.0,23,3,45.0,3.0,0.0,3.0,3,4,1,0,1,1,0,2,0,0,1
8.3,0.0,19,3,120.0,0.0,2.5,5.0,1,4,1,0,1,1,0,2,0,0,2
8.3,0.0,25,3,95.0,5.0,5.0,6.0,1,1,1,1,2,1,0,2,0,0,2
7.4,4.0,21,4,40.0,4.0,0.0,6.0,3,4,1,0,1,1,0,2,0,0,1
7.3,4.0,21,5,90.0,3.0,0.0,8.0,3,4,0,1,1,1,0,2,0,2,2
7.1,9.0,22,5,180.0,3.0,0.0,4.0,2,4,1,0,1,1,1,2,0,2,1
8.0,6.0,23,2,40.0,0.0,3.0,6.0,4,4,0,0,1,1,0,2,0,2,2
7.7,6.0,25,4,120.0,4.0,0.0,5.0,2,3,1,0,1,1,1,2,0,2,2
9.3,0.0,19,5,100.0,2.0,0.0,6.0,1,4,0,0,1,0,1,2,0,2,2
8.1,6.0,24,5,120.0,1.0,0.0,4.0,1,4,0,0,1,1,0,2,0,2,2
8.4,4.0,21,5,120.0,4.0,0.0,6.0,3,4,0,0,1,1,0,2,0,2,2
8.5,4.0,21,5,60.0,3.0,0.0,5.0,3,4,1,0,1,1,1,2,0,2,2
7.9,5.0,21,5,40.0,2.0,6.0,7.0,3,4,0,0,1,1,0,2,0,2,2
6.0,2.0,20,5,60.0,5.0,0.0,6.0,2,5,0,0,1,1,0,2,0,0,2
8.0,9.0,21,5,15.0,1.0,6.0,5.0,1,4,1,1,1,1,1,2,0,2,2
6.0,3.0,19,5,90.0,3.0,0.0,5.0,3,5,0,0,1,1,1,2,0,0,2
8.0,4.0,23,4,120.0,5.0,5.0,5.0,3,3,1,0,1,1,1,2,0,0,1
7.7,14.0,25,5,75.0,2.0,0.0,5.0,3,4,1,0,1,0,1,2,0,2,2
7.0,5.0,22,3,40.0,3.0,0.0,8.0,3,4,1,0,1,1,1,2,0,2,2
8.0,0.0,19,3,30.0,2.0,0.0,7.0,3,4,1,0,2,1,0,2,0,2,1
8.7,0.0,24,5,40.0,6.0,0.0,6.0,1,4,1,0,1,1,1,2,0,0,2
8.1,6.0,22,4,150.0,3.0,0.0,6.0,2,3,0,0,1,1,1,2,0,2,2
8.6,1.0,22,4,90.0,3.0,0.0,3.0,2,4,0,0,1,1,1,2,0,2,2
9.2,0.0,18,5,120.0,2.0,0.0,3.0,3,7,0,0,1,1,1,2,0,2,2
8.0,4.0,22,4,90.0,3.0,4.0,5.0,5,7,0,0,1,1,0,2,0,2,2
9.2,0.0,20,3,120.0,3.0,2.0,6.0,3,7,0,0,1,1,1,2,0,0,2
8.2,0.0,20,5,130.0,1.0,0.0,4.0,3,7,1,1,1,1,1,2,0,2,2
8.0,7.0,22,5,90.0,1.0,7.0,4.0,2,7,0,0,1,0,0,2,0,2,2
8.7,0.0,23,3,90.0,4.0,0.0,5.0,3,7,0,1,1,1,0,2,1,2,2
7.5,2.0,20,5,130.0,3.0,0.0,4.0,3,7,0,0,1,1,0,2,0,2,2
7.9,1.0,22,5,120.0,4.0,2.0,5.0,3,7,1,1,1,1,1,2,0,2,2
7.9,2.0,20,3,80.0,5.0,0.0,5.0,3,7,0,1,1,1,1,2,0,2,2
8.7,0.0,20,5,180.0,1.0,0.0,6.0,3,8,1,0,1,1,0,2,0,2,2
7.9,0.0,20,5,120.0,2.0,8.0,4.0,3,7,0,0,1,0,1,2,0,2,2
8.2,1.0,22,3,50.0,2.0,3.0,6.0,2,7,0,0,1,1,0,2,0,0,2
8.7,0.0,21,4,150.0,1.0,0.0,4.0,5,7,0,1,1,0,0,2,0,2,2
9.2,0.0,22,4,180.0,2.0,0.0,2.0,3,7,0,0,1,1,0,2,0,2,2
7.8,3.0,22,4,125.0,1.0,0.0,5.0,2,7,1,0,1,0,0,2,0,0,0
9.0,0.0,21,5,30.0,1.0,0.0,6.0,4,4,1,1,1,1,1,2,0,2,2
7.8,2.0,21,5,15.0,4.0,0.0,5.0,3,7,0,0,1,1,1,2,0,2,1
9.0,0.0,21,5,150.0,4.0,0.0,3.0,3,7,0,0,1,1,1,2,0,2,2
8.1,2.0,21,5,120.0,2.0,5.0,5.0,2,7,0,0,1,1,0,2,0,2,2
8.3,2.0,20,5,120.0,2.0,0.0,8.0,5,7,0,1,1,0,0,2,0,2,2
8.4,2.0,21,5,120.0,3.0,4.0,5.0,3,7,0,0,1,1,1,2,0,2,2
8.1,0.0,20,5,20.0,7.0,0.0,6.0,3,7,0,0,1,1,1,2,0,2,2
8.2,2.0,21,5,170.0,2.0,0.0,6.0,5,7,0,0,1,1,0,2,0,2,0
9.0,0.0,19,5,120.0,2.0,0.0,4.0,5,7,1,0,1,1,0,2,0,2,2
8.8,0.0,19,5,90.0,3.0,0.0,4.0,2,7,0,0,1,1,0,2,0,2,2
8.5,0.0,19,4,120.0,3.0,0.0,4.0,3,7,0,0,1,1,0,2,0,2,2
7.0,5.0,20,5,30.0,2.0,0.0,5.0,4,2,1,0,1,1,0,2,0,2,2
8.9,1.0,21,3,20.0,6.0,2.0,5.0,4,1,1,0,1,1,0,2,0,1,1
6.6,5.0,20,3,130.0,1.0,0.0,6.0,4,2,0,0,1,1,1,2,0,1,1
6.7,9.0,20,4,180.0,2.0,2.0,4.0,2,2,1,0,1,1,1,2,0,2,2
8.6,1.0,24,5,90.0,1.0,0.0,6.0,3,5,1,0,1,0,0,2,0,2,2
7.5,7.0,24,5,120.0,5.0,2.0,6.0,3,5,1,0,1,0,0,2,0,0,2
7.8,7.0,24,5,60.0,1.0,0.0,8.0,4,5,0,0,1,1,0,2,0,2,2
8.0,3.0,25,5,60.0,4.0,3.0,4.0,2,5,1,1,2,1,0,2,0,2,2
8.5,2.0,22,5,50.0,1.0,0.0,5.0,4,2,1,0,2,1,0,2,0,0,2
9.0,3.0,20,4,90.0,3.0,0.0,6.0,3,2,1,0,1,1,0,2,0,2,2
8.4,0.0,18,4,120.0,4.0,0.0,5.0,3,4,1,0,1,1,0,2,0,2,2
7.2,5.0,25,5,90.0,3.0,0.0,6.0,4,0,1,1,1,1,0,2,0,2,2
8.3,1.0,23,4,90.0,4.0,0.0,4.0,5,0,0,0,1,0,0,2,0,2,2
7.9,3.0,24,4,120.0,2.0,8.0,4.0,4,0,0,0,2,1,0,2,0,2,2
8.8,1.0,24,2,85.0,2.0,2.0,4.0,2,8,0,0,1,1,0,2,1,0,2
8.3,2.0,24,3,90.0,2.0,0.0,4.0,3,8,1,0,1,1,0,2,0,2,2
7.8,6.0,25,4,15.0,3.0,2.0,5.0,3,5,0,1,1,0,0,2,0,2,2
8.0,2.0,21,5,180.0,4.0,0.0,4.0,1,0,1,0,1,0,0,2,0,2,1
7.0,3.0,21,5,75.0,3.0,0.0,8.0,3,2,1,0,1,1,0,2,0,0,2
7.9,3.0,24,5,120.0,0.0,3.0,8.0,3,6,1,0,1,1,0,2,0,2,2
8.3,5.0,25,4,120.0,3.0,0.0,4.0,1,6,0,0,1,0,0,2,1,2,2
8.9,0.0,20,3,120.0,2.0,0.0,7.0,2,6,0,1,0,0,0,2,0,2,2
8.0,2.0,22,5,120.0,3.0,0.0,4.0,1,0,1,0,1,1,0,2,0,0,2
8.1,2.0,22,4,70.0,2.0,0.0,6.0,3,0,0,0,1,1,0,2,0,2,2
8.2,0.0,20,5,60.0,3.0,0.0,6.0,3,6,0,0,1,1,0,2,0,2,2
8.7,2.0,22,4,120.0,3.0,0.0,5.0,4,0,0,0,1,1,0,2,0,2,2
9.0,1.0,32,2,80.0,3.0,0.0,8.0,1,6,1,0,1,1,0,2,0,2,2
8.6,1.0,22,5,100.0,2.0,0.0,4.0,2,0,1,1,1,1,0,2,0,0,2
8.6,2.0,22,3,120.0,2.0,0.0,3.0,2,0,1,0,1,1,0,2,0,2,2
8.3,1.0,21,5,30.0,2.0,0.0,6.0,3,0,0,0,1,1,0,2,0,2,2
8.0,3.0,22,5,120.0,4.0,0.0,5.0,3,0,0,0,1,1,0,2,1,2,2
8.2,0.0,21,4,60.0,2.0,0.0,6.0,3,0,1,0,1,1,0,2,0,2,2
8.0,3.0,22,5,120.0,2.0,0.0,5.0,3,0,0,1,2,0,0,1,0,0,1
8.0,1.0,21,3,100.0,2.0,0.0,5.0,4,0,0,0,1,0,0,2,0,2,2
7.0,10.0,27,3,60.0,2.0,4.0,6.0,3,0,1,0,1,1,0,2,0,2,2
7.0,2.0,21,4,120.0,5.0,0.0,5.0,2,0,0,0,1,1,1,2,0,2,2
7.6,18.0,22,5,45.0,2.0,0.0,5.0,4,0,0,1,1,1,0,2,0,1,0
7.4,6.0,24,3,90.0,2.0,0.0,4.0,4,0,0,0,2,1,0,2,0,0,2
7.1,8.0,24,5,30.0,3.0,0.0,8.0,2,3,1,1,1,1,1,2,0,2,2
7.5,1.0,22,5,45.0,3.0,0.0,5.0,5,6,0,0,1,1,0,2,0,0,2
6.8,2.0,19,4,30.0,2.0,0.0,8.0,3,4,1,0,1,0,0,2,0,2,2
8.3,2.0,22,3,150.0,2.0,2.0,5.0,3,4,0,1,1,1,0,2,1,2,2
8.6,12.0,26,1,120.0,17.0,7.0,3.0,5,0,2,1,2,1,1,2,1,1,0
7.4,3.0,22,4,90.0,2.0,0.0,6.0,3,3,1,0,2,1,0,2,1,0,1
6.5,1.0,19,4,110.0,3.0,0.0,6.0,2,4,1,0,1,0,0,2,0,2,2
7.5,4.0,22,3,120.0,4.0,0.0,6.0,3,3,1,1,1,1,0,2,0,2,2
7.7,5.0,22,3,20.0,3.0,8.0,5.0,3,0,1,1,1,1,0,2,0,2,1
9.2,2.0,22,4,70.0,0.0,0.0,6.0,1,8,1,0,1,0,0,2,0,0,1
7.6,2.0,21,4,30.0,2.0,5.0,7.0,3,4,1,0,1,0,0,2,1,0,0
7.9,5.0,22,4,80.0,3.0,10.0,4.0,5,3,1,1,1,1,0,2,0,1,2
9.1,0.0,21,5,180.0,4.0,0.0,5.0,2,6,0,0,1,1,1,2,0,2,2
7.9,4.0,21,4,35.0,1.0,3.0,6.0,4,1,1,0,1,1,0,2,0,2,2
7.6,3.0,23,3,160.0,4.0,4.0,5.0,4,6,0,1,1,1,1,2,0,0,2
7.9,3.0,23,5,100.0,3.0,0.0,5.0,2,3,1,1,2,1,0,2,0,0,2
7.0,2.0,21,4,120.0,1.0,0.0,6.0,3,4,0,1,1,1,0,0,0,2,2
9.0,0.0,20,5,120.0,3.0,0.0,5.0,4,3,1,0,1,1,0,2,0,2,2
7.4,7.0,25,4,120.0,10.0,0.0,6.0,4,0,0,0,1,1,0,2,0,2,1
9.6,0.0,18,4,30.0,4.0,0.0,5.0,3,3,0,0,1,0,0,2,0,2,2
6.2,1.0,19,4,120.0,3.0,0.0,4.0,2,4,0,0,1,1,0,2,0,2,2
9.0,0.0,26,5,60.0,2.0,4.0,6.0,2,4,1,0,1,1,0,2,0,2,2
8.2,2.0,19,3,120.0,4.0,0.0,5.0,3,4,1,0,1,1,0,2,1,2,2
5.7,1.0,23,5,105.0,3.0,0.0,6.0,3,2,1,0,1,1,0,2,0,2,2
6.0,6.0,30,2,45.0,3.0,0.0,6.0,2,4,1,0,1,1,0,2,0,2,2
7.0,1.0,19,1,150.0,4.0,0.0,6.0,1,4,0,0,2,1,0,1,1,2,2
8.5,0.0,21,5,150.0,5.0,0.0,4.0,3,3,1,0,1,1,1,2,0,2,2
8.1,4.0,22,5,50.0,6.0,4.0,4.0,2,3,0,0,1,1,0,2,0,2,2
8.2,2.0,23,4,30.0,4.0,0.0,5.0,2,3,0,0,1,1,1,2,0,2,2
8.2,2.0,23,4,30.0,4.0,0.0,5.0,2,3,0,0,1,1,1,2,0,2,2
8.0,4.0,23,1,30.0,2.0,2.0,5.0,2,3,1,0,1,1,1,2,0,2,2
7.8,2.0,24,5,60.0,3.0,0.0,6.0,4,0,1,0,2,1,0,2,0,2,2
8.0,0.0,19,4,30.0,4.0,0.0,6.0,3,3,0,0,1,1,1,2,0,2,2
6.2,2.0,19,5,120.0,3.0,0.0,7.0,3,1,0,1,1,1,0,2,0,2,2
7.5,5.0,22,5,70.0,1.0,4.0,5.0,5,1,1,0,1,0,0,2,0,2,2
7.9,3.0,23,3,90.0,3.0,0.0,5.0,1,0,0,0,1,1,0,2,0,2,2
9.0,0.0,22,5,60.0,3.0,0.0,7.0,5,4,1,0,1,1,1,2,0,2,2
7.6,3.0,20,4,80.0,5.0,5.0,4.0,4,4,1,0,2,0,0,2,0,2,1
7.0,4.0,24,3,160.0,2.0,6.0,4.0,2,4,1,1,2,1,1,2,0,2,2
7.4,2.0,19,5,15.0,3.0,0.0,5.0,2,5,1,0,1,1,1,2,1,2,2
8.2,0.0,22,5,150.0,4.0,8.0,5.0,3,1,1,0,2,0,1,1,0,2,2
8.2,3.0,23,4,60.0,1.0,5.0,6.0,3,1,1,0,1,0,0,2,0,2,2
9.2,0.0,22,5,90.0,1.0,6.0,7.0,3,1,0,1,1,1,0,2,0,2,2
8.1,3.0,21,4,100.0,3.0,4.0,5.0,4,1,1,1,2,1,0,2,0,2,2
8.0,6.0,24,5,120.0,1.0,0.0,6.0,5,1,1,0,1,0,1,2,0,2,2
8.7,0.0,21,5,120.0,2.0,0.0,5.0,3,1,0,0,1,0,0,2,0,2,2
8.1,3.0,22,5,40.0,0.0,0.0,6.0,4,1,1,0,1,1,1,2,0,2,2
8.0,3.0,22,5,40.0,2.0,0.0,7.0,4,4,0,0,1,0,0,2,0,2,2
8.0,1.0,20,5,130.0,1.0,0.0,6.0,3,1,0,0,1,1,0,2,0,2,2
8.6,0.0,21,3,100.0,1.0,6.0,7.0,4,1,1,0,1,0,0,2,0,2,2
9.6,0.0,22,5,25.0,4.0,0.0,6.5,5,1,1,0,1,1,0,2,0,2,2
9.0,0.0,23,4,30.0,3.0,4.0,7.0,5,4,1,0,1,1,0,2,0,2,2
8.2,1.0,20,5,40.0,6.0,0.0,6.0,3,4,1,1,1,1,0,2,0,2,2
8.8,0.0,19,5,180.0,4.0,0.0,4.0,2,2,1,0,1,0,0,2,0,2,2
8.7,0.0,20,4,150.0,2.0,0.0,3.0,2,2,1,0,1,0,0,2,0,0,2
8.0,4.0,22,5,60.0,5.0,6.0,7.0,3,1,1,1,2,1,0,0,1,2,2
9.0,1.0,19,5,50.0,2.0,0.0,7.0,4,1,1,1,1,1,1,2,0,2,2
7.8,5.0,23,5,80.0,1.0,5.0,6.0,4,1,0,0,1,1,0,2,0,2,2
7.9,1.0,19,4,85.0,3.0,0.0,7.0,4,1,1,1,1,1,1,2,0,0,2
8.0,2.0,20,4,80.0,2.0,0.0,5.0,4,1,1,1,1,1,0,1,0,0,2
6.1,1.0,21,4,90.0,3.0,0.0,3.0,3,1,1,0,1,1,0,2,0,2,2
7.0,4.0,23,4,60.0,2.0,0.0,6.0,4,1,0,0,1,0,0,2,0,2,2
8.1,1.0,21,5,45.0,1.0,0.0,8.0,3,4,1,0,1,1,0,2,0,2,2
8.9,1.0,19,4,120.0,3.0,3.0,8.0,4,2,0,0,1,0,0,2,0,2,2
8.9,4.0,22,2,120.0,6.0,6.0,6.0,4,1,1,1,1,1,0,2,0,2,2
8.5,0.0,19,5,100.0,2.0,4.0,5.0,3,1,1,0,1,1,0,2,0,2,2
9.1,0.0,19,5,60.0,2.0,0.0,7.0,5,2,1,0,1,0,1,2,0,2,2
8.6,0.0,18,5,150.0,1.0,0.0,4.0,4,1,1,0,0,1,0,2,0,2,2
8.5,0.0,20,5,90.0,2.0,0.0,5.0,4,1,1,1,1,1,0,2,0,0,1
6.8,4.0,24,3,125.0,1.0,8.0,6.0,3,1,0,1,2,1,0,2,0,0,2
7.8,1.0,20,5,120.0,100.0,0.0,4.0,4,2,0,0,1,1,0,2,0,2,2
7.3,3.0,20,3,120.0,0.0,2.0,3.0,4,1,1,0,1,1,0,2,0,2,2
7.0,2.0,22,3,60.0,2.0,0.0,5.0,2,1,0,0,1,1,0,2,0,2,2
8.0,3.0,21,5,60.0,3.0,0.0,6.0,3,1,0,1,1,0,0,2,0,2,2
7.9,4.0,21,4,60.0,1.0,3.0,6.0,3,1,1,0,1,1,0,2,0,2,2
8.3,0.0,20,4,60.0,0.0,4.0,6.0,3,1,1,0,1,1,0,2,0,0,2
7.9,4.0,20,5,120.0,3.0,0.0,3.0,5,1,0,0,1,0,0,2,1,2,2
8.8,0.0,23,4,60.0,1.0,0.5,6.0,5,1,1,0,1,1,0,2,0,2,2
8.3,0.0,22,4,150.0,1.0,5.0,6.0,3,6,1,0,1,1,1,2,0,2,2
6.0,4.0,21,5,100.0,2.0,2.0,6.0,3,1,1,0,1,1,0,2,0,2,2
8.6,1.0,20,5,15.0,2.0,0.0,6.0,2,1,1,0,1,0,1,2,0,2,2
8.5,0.0,21,5,30.0,3.0,0.0,6.0,2,1,1,0,1,0,0,2,0,2,2
7.8,0.0,21,4,60.0,1.0,0.0,7.0,3,1,1,0,1,1,0,2,0,2,2
8.0,2.0,20,5,40.0,2.0,4.0,8.0,3,1,0,0,1,0,0,1,0,2,2
8.0,4.0,18,5,120.0,1.0,0.0,4.0,5,1,1,0,1,1,0,2,0,2,2
9.2,0.0,18,5,40.0,4.0,0.0,5.0,5,1,1,0,1,0,1,2,0,2,2
8.1,0.0,20,4,120.0,0.0,0.0,6.0,3,1,1,0,1,1,0,2,0,2,2
0.0,0.0,18,5,60.0,1.0,0.0,5.0,3,1,0,0,1,1,0,2,0,2,2
0.0,0.0,18,4,50.0,1.0,0.0,4.0,4,1,0,0,1,1,0,2,0,2,2
7.0,1.0,18,3,120.0,2.0,0.0,7.0,5,1,1,0,1,1,1,2,1,0,1
0.0,1.0,19,5,100.0,4.0,0.0,5.0,4,1,0,0,1,1,0,2,0,2,2
6.0,2.0,19,5,80.0,1.0,0.0,5.0,3,1,1,0,1,1,0,2,0,0,2
9.1,0.0,19,5,70.0,2.0,0.0,5.0,4,1,1,0,1,0,0,2,0,2,2
0.0,0.0,18,4,120.0,2.0,2.0,6.0,5,1,0,0,1,1,0,2,0,2,2
8.0,3.0,18,3,120.0,2.0,7.0,4.0,3,1,1,1,1,1,1,2,0,2,2
7.6,0.0,21,5,60.0,2.0,0.0,5.0,5,1,1,0,1,1,0,2,1,2,2
7.5,1.0,19,5,120.0,2.0,0.0,5.0,2,1,1,0,1,0,0,2,0,2,2
8.0,1.0,20,5,90.0,2.0,0.0,4.0,5,1,1,1,2,0,0,2,0,2,2
7.7,0.0,20,5,10.0,3.0,0.0,5.0,3,1,1,0,1,1,0,2,0,2,2
8.0,1.0,18,5,90.0,0.0,0.0,3.0,5,1,0,0,1,1,0,2,0,2,2
8.6,0.0,19,4,40.0,3.0,0.0,5.0,3,1,0,0,1,1,1,2,0,2,2
9.4,0.0,19,4,45.0,2.0,0.0,5.0,3,1,0,0,1,1,0,2,0,2,2
7.5,0.0,19,5,90.0,0.0,0.0,5.0,5,1,1,1,1,0,0,2,0,2,2
8.2,0.0,18,4,140.0,1.3,0.0,5.3,3,1,1,0,1,1,1,2,0,2,2
8.0,0.0,20,5,75.0,0.0,0.0,8.0,5,1,1,0,1,0,0,2,0,0,2
8.1,2.0,21,5,25.0,1.0,0.0,6.0,4,1,1,0,1,0,0,2,0,0,2
8.0,0.0,17,5,90.0,0.0,0.0,6.0,4,1,1,0,1,1,0,2,0,2,1
8.0,3.0,18,5,60.0,2.0,3.0,7.0,5,1,1,0,1,1,0,2,0,2,2
7.5,3.0,20,4,90.0,2.0,0.0,7.0,3,1,1,1,1,1,0,2,0,2,2
9.5,0.0,18,5,100.0,6.0,0.0,4.0,4,1,0,0,1,1,0,2,0,2,2
7.2,5.0,19,5,120.0,3.0,5.0,6.0,2,1,0,0,1,0,0,2,0,2,2
8.4,0.0,19,5,40.0,3.0,0.0,7.0,3,1,1,0,1,0,0,2,0,2,2
7.2,1.0,21,2,40.0,4.0,0.0,3.0,3,1,1,0,1,1,0,2,0,0,2
7.1,2.0,19,5,120.0,4.0,0.0,4.0,5,1,1,0,1,1,0,2,0,2,2
7.2,4.0,20,5,70.0,2.0,1.0,5.0,4,1,1,1,1,0,0,2,0,2,2
7.0,2.0,19,5,70.0,3.0,8.0,5.0,3,1,0,0,1,0,0,2,0,1,1
8.5,2.0,19,5,60.0,3.0,0.0,4.0,2,1,1,0,1,1,1,2,0,2,2
7.0,2.0,24,1,90.0,2.0,8.0,7.0,4,1,1,1,1,1,0,2,0,2,2
7.6,1.0,20,1,180.0,3.0,4.0,4.0,3,1,1,1,2,1,1,2,1,2,2
8.1,0.0,19,5,40.0,3.0,6.0,5.0,1,1,1,0,1,1,0,2,0,2,2
7.4,1.0,20,3,35.0,1.0,0.0,6.0,4,1,1,0,1,1,0,2,0,0,2
6.5,3.0,22,2,120.0,2.0,4.0,4.0,2,1,1,1,1,1,0,2,0,2,1
6.4,0.0,20,5,60.0,3.0,0.0,5.0,4,1,1,1,1,1,0,2,0,2,2
7.6,0.0,19,4,110.0,2.0,0.0,3.0,4,1,1,0,1,0,0,2,0,2,1
7.8,1.0,19,5,120.0,3.0,0.0,6.0,5,1,0,0,1,1,0,2,0,2,2
8.6,0.0,19,5,20.0,3.0,0.0,5.0,4,1,0,0,1,1,1,2,0,2,2
8.8,0.0,21,4,70.0,2.0,0.0,5.0,3,1,0,0,1,1,0,2,0,2,2
8.6,0.0,20,1,40.0,4.0,0.0,6.0,2,1,1,0,1,1,0,2,0,2,2
8.5,0.0,23,5,30.0,4.0,0.0,6.0,3,1,0,0,1,1,1,2,0,2,2
8.3,0.0,20,3,100.0,3.0,0.0,5.0,5,1,0,0,1,1,0,2,0,2,2
8.3,0.0,19,2,90.0,2.0,0.0,4.0,4,1,1,0,1,1,0,2,0,2,2
8.1,0.0,21,3,40.0,3.0,0.0,4.0,3,1,1,0,2,1,0,2,0,2,1
7.6,0.0,19,5,60.0,0.0,6.0,4.0,5,1,1,0,1,0,0,2,0,1,2
8.6,0.0,20,5,30.0,3.0,8.0,5.0,5,1,1,0,1,1,1,2,0,1,2
6.0,1.0,19,5,60.0,2.0,0.0,5.0,3,1,0,0,1,0,0,2,0,0,0
8.1,0.0,19,5,70.0,0.0,0.0,6.0,4,1,1,1,1,0,0,2,0,0,2
8.3,0.0,19,5,120.0,1.0,0.0,6.0,3,1,1,0,1,1,1,2,0,2,2
8.0,1.0,20,5,60.0,1.0,0.0,4.0,4,1,1,0,1,1,0,2,0,2,2
8.4,1.0,19,5,60.0,3.0,5.0,5.0,3,1,0,0,1,0,0,2,0,0,2
8.0,0.0,19,5,60.0,1.0,0.0,5.0,4,1,1,0,1,1,0,2,0,2,2
9.4,0.0,19,3,60.0,1.5,4.0,5.0,4,1,1,1,1,1,0,2,0,2,2
8.3,0.0,19,2,90.0,2.0,0.0,4.0,4,1,1,0,1,1,0,2,0,2,2
9.6,0.1,190,4,180.0,1.0,0.0,4.0,4,1,1,0,1,1,0,2,0,2,2
8.3,5.0,23,5,50.0,2.0,0.0,5.0,4,1,1,0,1,0,0,2,0,2,2
7.6,2.0,20,4,15.0,5.0,0.0,5.0,4,1,1,0,1,1,0,2,0,2,2
7.9,3.0,21,5,80.0,1.0,5.0,5.0,5,1,1,0,1,1,0,2,0,0,2
8.4,3.0,21,5,35.0,1.0,0.0,4.0,5,1,1,0,1,1,0,0,0,0,2
9.0,0.0,18,5,120.0,4.0,0.0,6.0,3,2,0,1,1,0,1,2,0,2,2
7.0,4.0,20,5,150.0,2.0,0.0,4.0,3,1,1,1,1,1,1,2,0,2,2
8.3,1.0,20,3,90.0,2.0,0.0,6.0,3,1,0,0,1,1,0,2,0,0,2
7.9,4.0,20,5,90.0,5.0,0.0,8.0,4,1,1,1,2,1,0,2,0,2,2
8.0,3.0,27,5,180.0,4.0,3.0,5.0,2,1,1,0,1,1,1,2,0,2,2
7.7,3.0,21,4,100.0,2.0,0.0,7.0,3,1,1,0,1,1,0,2,0,2,2
7.5,4.0,20,5,40.0,2.0,0.0,7.0,3,1,1,0,1,0,0,2,0,0,2
7.2,5.0,20,5,90.0,2.0,0.0,6.0,4,1,1,0,1,1,0,2,0,0,2
7.5,4.0,20,3,120.0,2.0,0.0,6.0,3,1,1,0,1,1,0,2,0,2,2
7.8,2.0,21,5,90.0,3.0,0.0,7.0,4,1,0,0,1,1,0,2,0,2,2
8.0,1.0,22,5,90.0,4.0,3.0,6.0,5,1,1,0,1,1,0,2,0,2,2
8.7,0.0,28,5,50.0,2.0,0.0,6.0,2,1,1,0,1,1,0,2,0,2,2
8.8,0.0,23,5,115.0,4.0,0.0,5.0,4,1,1,0,1,1,0,2,0,2,2
8.5,0.0,22,5,30.0,2.0,0.0,6.0,4,1,1,1,1,0,1,2,0,2,2
7.6,4.0,23,5,60.0,4.0,0.0,4.0,4,1,1,0,1,0,0,2,0,2,2
9.1,0.0,23,5,50.0,2.0,0.0,6.0,4,1,1,0,1,0,0,2,0,2,2
8.0,1.0,22,4,150.0,1.0,5.0,5.0,4,1,1,0,1,1,1,2,0,2,2
7.8,2.0,23,4,40.0,1.0,4.0,7.0,4,1,1,0,1,1,0,2,0,0,1
8.8,0.0,21,5,60.0,2.0,0.0,5.0,5,1,1,1,1,1,0,2,0,2,2
9.0,0.0,23,2,150.0,3.0,6.0,5.0,2,1,0,0,1,1,1,2,1,2,2
8.6,1.0,32,5,40.0,0.1,0.0,6.0,4,1,1,0,1,0,1,2,0,2,2
8.0,0.0,21,5,30.0,1.0,0.0,2.0,4,1,0,1,1,1,0,2,1,2,2
8.0,2.0,21,5,115.0,1.0,4.0,7.0,5,1,1,0,1,0,0,2,1,2,2
8.5,0.0,21,5,120.0,0.0,0.0,6.0,5,1,1,0,1,1,1,2,0,2,2
8.1,1.0,21,3,35.0,2.0,6.0,4.0,3,1,1,0,2,1,0,2,0,2,2
8.7,0.0,22,5,90.0,1.0,0.0,7.0,4,1,1,0,1,0,0,2,0,2,2
7.4,6.0,25,5,60.0,4.0,0.0,5.0,3,1,1,0,1,1,0,2,0,0,2
8.5,2.0,20,4,180.0,5.0,0.0,3.0,5,1,0,0,1,1,1,2,0,0,1
8.1,3.0,21,3,60.0,0.0,4.0,5.0,4,1,1,0,1,0,0,2,1,0,2
8.8,0.0,21,5,120.0,1.0,0.0,7.0,5,1,1,0,1,1,0,2,0,2,2
8.6,0.0,22,5,40.0,3.0,0.0,7.0,5,1,0,0,1,1,1,2,1,2,2
8.5,0.0,20,5,120.0,1.0,0.0,7.0,1,1,1,1,1,1,0,2,0,0,2
8.6,0.0,18,5,130.0,1.0,0.0,6.0,3,1,1,0,1,1,1,2,0,2,2
7.2,8.0,21,1,90.0,4.0,8.0,8.0,4,1,1,0,1,1,0,2,0,2,2
9.8,0.0,20,3,120.0,5.0,0.0,5.0,3,1,0,0,1,1,0,2,0,0,2
8.2,3.0,21,5,45.0,6.0,4.0,5.0,5,1,1,0,1,0,0,2,0,1,2
8.5,1.0,20,5,120.0,3.0,0.0,5.0,4,1,0,0,1,0,0,2,0,0,2
8.6,0.0,21,3,180.0,2.0,6.0,5.0,3,1,1,0,2,1,1,2,0,2,2
8.6,3.0,20,3,100.0,1.0,0.0,6.0,3,1,1,0,1,1,1,2,0,0,2
8.6,2.0,22,4,120.0,2.0,4.0,5.0,3,1,1,0,1,1,0,2,0,2,2
8.5,0.0,20,5,70.0,3.0,0.0,5.0,4,1,1,1,1,1,0,2,0,0,2
8.5,0.0,20,4,120.0,1.0,0.0,5.0,2,1,0,0,1,1,1,2,0,1,1
8.5,0.0,20,5,60.0,2.0,0.0,6.0,4,1,1,0,1,0,0,2,0,0,2
8.0,1.0,18,3,90.0,1.0,0.0,6.0,5,1,1,0,1,1,0,2,0,2,2
9.9,2.0,20,4,90.0,2.0,0.0,4.0,5,1,1,0,1,1,1,2,0,2,2
8.5,0.0,20,4,120.0,2.0,0.0,5.0,3,1,1,0,1,1,0,2,0,2,2
8.5,2.0,20,5,10.0,3.0,0.0,5.0,5,1,1,0,1,1,0,2,0,2,2
8.6,2.0,20,5,120.0,3.0,0.0,6.0,5,1,1,0,1,1,0,2,0,2,2
8.7,0.0,20,5,90.0,1.0,0.0,6.0,4,1,1,0,1,0,1,2,0,2,1
8.7,0.0,20,5,120.0,5.0,0.0,5.0,1,1,0,0,1,1,0,2,0,2,2
8.2,0.0,20,4,60.0,2.0,0.0,8.0,3,1,1,0,1,1,0,2,0,0,2
8.8,0.0,19,5,20.0,2.0,1.0,6.0,3,1,1,0,1,1,0,2,0,0,2
7.7,1.0,22,4,90.0,3.0,0.0,6.0,2,6,0,0,1,1,0,2,0,2,1
8.9,3.0,20,5,25.0,1.0,0.0,5.0,4,3,0,1,2,1,0,2,0,2,2
8.1,1.0,20,5,120.0,1.0,0.0,5.0,5,1,1,0,1,1,0,2,1,2,2
7.8,0.0,19,5,30.0,3.0,0.0,5.0,3,1,1,1,1,1,0,2,0,2,2
8.1,0.0,24,2,20.0,8.0,0.0,2.0,1,1,1,0,1,0,0,2,0,2,2
8.5,0.0,19,5,60.0,4.0,0.0,6.0,3,1,1,0,1,0,0,2,0,2,2
7.8,0.0,21,3,90.0,3.0,0.0,7.0,3,1,1,1,1,1,0,2,0,2,2
7.9,1.0,21,5,30.0,2.0,0.0,5.0,3,1,0,0,1,1,1,2,0,0,2
8.0,0.0,19,5,30.0,1.0,0.0,4.0,3,1,0,0,1,1,0,2,0,2,2
7.2,0.0,20,4,90.0,2.0,0.0,7.5,3,1,1,0,1,1,0,2,0,0,1
8.3,0.0,19,5,90.0,1.0,0.0,6.0,5,1,1,0,1,1,0,2,0,2,2
8.3,2.0,18,4,90.0,1.0,0.0,6.0,5,1,1,0,1,1,0,2,0,2,2
7.8,2.0,21,5,90.0,2.0,0.0,3.0,4,1,0,0,1,1,0,2,0,2,2
6.2,6.0,24,1,180.0,0.0,0.0,4.0,3,1,1,0,1,1,0,2,1,2,2
8.2,1.0,22,5,120.0,0.0,0.0,4.0,5,1,1,0,1,1,1,0,0,0,0
8.6,1.0,19,3,20.0,5.0,0.0,6.0,5,1,1,0,1,1,0,2,0,2,2
8.1,1.0,19,4,90.0,3.0,0.0,6.0,3,1,1,0,1,1,0,2,0,0,2
8.8,0.0,23,5,112.0,3.0,0.0,6.0,5,1,1,0,1,1,0,2,0,2,2
8.7,2.0,19,4,60.0,1.0,0.0,5.0,2,1,1,0,1,1,0,2,0,2,2
9.3,0.0,20,5,15.0,2.0,0.0,6.0,5,1,1,0,1,1,1,2,1,2,2
8.6,1.0,19,5,30.0,2.0,0.0,6.0,5,1,1,0,1,1,1,2,1,2,2
8.5,0.0,19,5,60.0,4.0,0.0,6.0,4,1,1,0,1,1,0,2,0,2,2
9.2,0.0,20,3,15.0,1.0,6.0,6.0,3,1,1,0,1,1,1,2,0,2,2
8.0,0.0,20,5,30.0,2.0,0.0,5.0,4,1,0,0,1,1,0,2,0,2,2
7.8,1.0,20,5,90.0,2.0,0.0,5.0,4,1,1,0,1,1,0,2,0,2,2
8.9,0.0,20,5,100.0,2.0,0.0,4.0,5,1,1,0,1,1,0,2,0,2,2
7.9,1.0,20,5,100.0,3.0,0.0,7.0,3,1,1,0,1,1,0,2,0,2,2
8.1,2.0,22,5,90.0,3.0,0.0,6.0,3,1,1,0,1,1,0,2,0,2,2
8.5,1.0,20,5,90.0,3.0,0.0,7.0,4,1,1,0,1,1,0,2,0,2,2
7.9,2.0,20,5,120.0,4.0,0.0,4.0,3,1,1,0,1,1,0,2,0,2,2
8.0,3.0,21,5,90.0,2.0,0.0,5.0,3,1,1,0,1,0,0,2,0,0,1
8.3,1.0,22,1,90.0,4.0,8.0,4.0,2,1,1,1,2,1,0,2,0,2,2
8.0,0.0,22,3,30.0,4.0,0.0,6.0,3,1,1,1,1,1,1,2,0,2,2
8.8,0.0,23,5,95.0,3.0,0.0,6.0,3,1,1,0,1,0,0,2,0,2,2
8.1,1.0,21,5,80.0,4.0,0.0,6.0,4,1,1,0,1,1,0,2,0,2,1
8.8,3.0,20,1,120.0,2.0,7.0,3.0,3,1,0,0,1,1,1,2,0,1,0
8.2,0.0,20,2,180.0,5.0,5.0,4.0,3,1,1,1,1,1,1,2,0,2,2
8.3,1.0,20,5,120.0,3.0,0.0,6.0,3,1,1,0,2,1,0,2,0,2,2
9.3,0.0,21,5,90.0,5.0,3.0,4.0,5,1,1,0,1,1,0,2,0,2,2
7.8,1.0,21,4,120.0,5.0,0.0,6.0,3,1,1,0,1,1,0,2,0,2,2
6.8,8.0,22,4,100.0,1.0,0.0,6.0,4,1,1,0,1,0,0,2,0,0,2
8.0,2.0,21,4,70.0,2.0,0.0,6.0,3,1,1,0,1,1,0,2,0,0,2
7.5,7.0,23,5,140.0,2.0,0.0,5.5,1,1,1,0,1,1,1,2,0,0,2
9.7,0.0,21,5,40.0,1.5,0.0,6.5,3,1,1,0,1,1,0,2,0,2,2
9.2,0.0,23,4,90.0,4.0,0.0,7.0,5,1,1,0,1,1,0,2,0,2,2
7.5,5.0,23,3,90.0,5.0,0.0,7.0,4,1,1,0,1,0,0,2,0,2,1
9.4,0.0,20,4,100.0,5.0,0.0,6.0,3,1,0,0,1,1,1,2,1,0,2
9.7,0.0,20,5,120.0,5.0,0.0,6.0,4,1,1,0,1,1,0,2,0,2,2
8.2,1.0,20,5,80.0,3.0,0.0,7.0,5,1,1,0,1,0,1,2,0,2,2
8.0,1.0,18,5,180.0,5.0,0.0,4.0,4,1,0,0,1,1,0,2,0,2,2
8.6,0.0,20,4,90.0,4.0,0.0,6.0,4,1,0,0,1,1,0,2,0,2,2
8.3,2.0,22,5,30.0,3.0,0.0,6.0,3,1,1,1,1,0,1,2,0,2,2
8.7,1.0,22,4,100.0,2.0,0.0,6.0,4,1,1,0,1,0,0,2,0,2,2
9.4,0.0,22,5,20.0,6.0,2.0,4.0,3,1,1,1,1,1,1,2,1,2,2
9.4,0.0,20,5,50.0,1.0,0.0,6.0,3,1,1,0,1,1,0,2,0,2,2
8.0,0.0,21,5,60.0,3.0,0.0,6.0,5,1,0,0,1,1,1,2,0,0,1
9.1,1.0,20,5,90.0,5.0,0.0,5.0,3,1,1,0,1,1,1,2,0,2,2
7.6,5.0,23,4,150.0,3.0,0.0,7.0,4,1,1,0,1,1,1,2,0,2,2
8.6,1.0,21,5,90.0,0.5,2.0,6.0,2,1,1,0,1,1,0,2,0,2,2
7.7,5.0,18,3,90.0,1.0,0.0,3.0,4,1,1,0,1,1,0,2,0,2,2
9.1,0.0,20,4,120.0,4.0,0.0,6.0,3,1,1,0,1,1,1,2,0,2,2
8.4,2.0,21,4,60.0,10.0,0.0,7.0,1,1,1,0,1,0,0,2,0,2,2
7.0,1.0,22,5,60.0,5.0,6.0,7.0,3,4,0,0,1,1,0,2,0,2,2
8.7,0.0,22,5,120.0,3.0,0.0,6.0,5,1,1,0,1,1,0,2,0,2,2
7.3,9.0,22,5,90.0,2.0,0.0,6.0,5,1,1,0,1,1,0,2,0,0,2
8.0,1.0,22,4,90.0,1.0,0.0,6.0,3,1,0,0,1,1,0,2,0,2,2
7.7,2.0,23,5,90.0,2.0,0.0,6.0,4,1,1,0,1,1,1,2,0,2,2
7.7,4.0,23,5,120.0,3.0,6.0,6.5,5,1,1,0,1,1,1,2,0,2,2
8.9,2.0,23,5,15.0,4.0,4.0,7.0,5,1,1,0,1,1,0,2,0,2,2
8.3,0.0,20,2,90.0,3.0,0.0,7.0,3,4,1,0,1,0,1,2,0,2,2
8.8,1.0,21,1,45.0,6.0,0.0,6.0,1,4,1,1,1,1,0,2,1,2,2
7.3,2.0,21,5,40.0,1.5,0.0,6.0,3,4,1,1,1,1,1,2,0,2,2
7.3,5.0,23,4,90.0,1.0,5.0,6.0,5,1,1,0,1,0,0,2,0,2,2
8.5,1.0,19,2,90.0,2.0,0.0,6.0,1,4,1,1,1,1,1,2,0,2,2
7.8,2.0,21,4,90.0,4.0,5.0,6.0,3,4,1,0,2,0,0,2,0,2,2
8.7,0.0,20,5,40.0,2.0,0.0,6.0,4,1,1,0,1,0,0,2,0,2,2
8.0,0.0,20,4,30.0,5.0,5.0,2.0,1,4,1,0,1,1,0,2,0,2,2
8.2,2.0,34,5,100.0,2.0,4.0,6.0,1,4,1,1,2,1,0,2,0,2,2
8.3,1.0,21,5,60.0,3.0,0.0,6.0,3,4,1,1,1,1,0,2,0,2,2
6.3,8.0,22,4,120.0,2.0,4.0,7.0,4,4,0,0,2,0,0,2,0,0,1
8.5,4.0,20,3,120.0,2.0,16.0,6.0,2,4,1,1,1,1,1,1,0,2,2
7.6,2.0,19,5,50.0,1.0,0.0,5.0,3,4,1,1,2,1,0,2,0,2,2
7.0,1.0,27,5,90.0,1.0,0.0,4.0,2,4,1,0,1,1,0,2,1,2,2
9.8,0.0,20,5,40.0,2.0,0.0,7.0,4,1,0,0,1,0,0,2,1,2,2
8.5,0.0,20,5,90.0,1.0,0.0,8.0,5,1,1,0,1,1,0,2,0,2,2
8.2,3.0,21,5,90.0,2.0,4.0,6.0,3,4,1,0,1,1,1,2,0,2,2
7.7,3.0,21,4,100.0,2.0,0.0,7.0,3,1,1,0,1,1,0,2,0,2,2
8.3,1.0,21,4,50.0,2.0,0.0,6.0,2,4,1,0,1,0,1,2,0,2,2
8.5,0.0,21,5,50.0,6.0,2.0,6.0,1,2,1,0,1,1,0,2,0,2,2
8.9,0.0,21,5,100.0,2.0,0.0,5.0,3,1,1,0,1,1,0,2,0,2,2
7.0,5.0,21,5,40.0,2.0,0.0,5.0,3,4,1,0,1,0,0,2,0,2,2
7.0,5.0,20,5,150.0,3.0,0.0,5.0,2,4,1,1,1,1,1,2,0,2,2
7.2,1.0,20,5,60.0,3.0,6.0,5.0,4,1,1,0,1,1,0,2,0,2,2
7.9,1.0,30,3,60.0,4.0,6.0,7.0,3,4,1,0,1,1,0,2,0,2,2
8.5,3.0,26,4,30.0,2.0,8.0,4.0,2,5,1,1,1,1,0,2,1,2,2
8.6,1.0,19,5,150.0,2.0,6.0,4.0,4,1,1,0,1,0,0,2,0,2,2
9.3,0.0,24,5,90.0,1.0,8.0,7.0,5,1,0,0,1,1,0,2,0,2,2
8.2,6.0,21,5,90.0,2.0,4.0,5.0,2,5,1,0,1,0,0,1,0,2,2
8.6,2.0,23,5,60.0,4.0,0.0,6.0,5,4,0,1,1,1,0,0,0,2,2
7.8,3.0,24,5,30.0,5.0,5.0,5.0,3,4,1,1,1,1,0,2,0,2,2
8.0,1.0,20,5,90.0,3.0,0.0,7.0,2,4,1,0,1,1,0,2,0,2,1
6.4,1.0,19,5,120.0,3.0,5.0,3.0,2,1,0,0,1,1,0,1,0,2,2
7.1,1.0,20,4,100.0,4.0,0.0,7.0,2,4,1,0,1,1,0,2,0,2,2
8.6,1.0,21,4,60.0,6.0,4.0,5.0,2,4,0,0,1,1,1,2,0,2,2
6.8,3.0,21,3,90.0,2.0,2.0,5.0,4,3,1,0,1,0,0,2,0,2,1
7.8,0.0,24,3,90.0,2.0,0.0,6.0,5,4,1,0,1,1,0,2,0,2,2
7.33,5.0,21,5,180.0,2.0,6.0,5.0,3,4,0,0,1,1,1,1,0,0,2
8.17,3.0,21,4,10.0,4.0,0.0,7.0,3,2,0,0,1,0,1,2,0,2,2
7.7,2.0,21,4,140.0,2.0,0.0,5.0,3,2,1,0,1,1,0,2,0,2,2
7.9,5.0,21,4,180.0,2.0,0.0,5.0,3,2,1,0,1,1,0,2,0,2,2
7.7,7.0,24,5,60.0,2.0,0.0,6.0,1,2,0,0,1,0,0,2,0,0,2
7.8,1.0,21,4,60.0,3.0,0.0,6.0,2,1,1,1,2,1,0,2,0,2,2
6.9,5.0,22,1,60.0,2.0,8.0,6.0,5,4,1,0,1,1,0,2,0,0,1
7.0,7.0,20,3,45.0,2.0,10.0,7.0,3,5,1,0,1,0,0,2,0,0,1
7.3,3.0,21,4,50.0,3.0,0.0,6.0,3,1,1,0,1,1,0,2,0,2,2
9.27,0.0,19,5,10.0,1.0,1.0,6.0,4,1,0,0,1,1,1,2,1,0,2
8.5,2.0,21,5,15.0,3.0,0.0,6.0,4,1,1,0,1,0,0,2,0,2,2
7.0,3.0,22,3,30.0,5.0,0.0,5.0,2,0,0,0,2,1,0,2,0,2,2
7.88,3.0,21,4,90.0,3.0,5.0,5.0,3,4,0,0,1,1,0,2,0,2,2
9.34,0.0,22,4,10.0,2.0,3.0,9.0,3,6,1,0,1,0,0,2,0,2,2
9.19,0.0,22,5,10.0,0.0,0.0,5.0,2,6,1,0,1,1,1,2,1,2,2
8.5,0.0,19,1,60.0,4.0,0.0,5.0,3,1,0,0,1,1,0,2,0,1,2
9.3,0.0,19,5,120.0,2.0,0.0,6.0,2,2,0,0,1,1,0,2,0,2,2
7.86,0.0,20,4,90.0,3.0,0.0,7.0,4,1,1,0,1,1,0,2,0,2,2
8.3,1.0,23,3,45.0,3.0,0.0,7.0,3,6,0,0,1,1,0,2,0,2,2
8.1,3.0,22,3,30.0,3.0,4.0,7.0,1,6,1,1,2,1,1,0,0,2,2
8.0,0.0,25,1,150.0,3.0,6.0,7.0,2,6,0,1,2,1,0,2,0,2,2
9.0,0.0,23,5,30.0,4.0,0.0,6.0,5,1,0,0,1,1,0,2,0,2,2
8.0,3.0,22,3,120.0,3.0,6.0,4.0,3,4,0,0,1,1,1,2,0,0,1
9.0,0.0,21,5,40.0,0.0,8.0,6.0,3,1,1,0,1,0,0,2,0,2,2
9.5,0.0,22,5,150.0,0.0,0.0,6.0,5,5,1,0,1,1,0,2,0,2,2
9.2,0.0,22,5,90.0,4.0,0.0,5.0,3,5,0,0,1,1,0,2,0,2,2
8.96,1.0,22,5,80.0,3.0,0.0,7.0,4,5,0,0,1,0,0,2,0,2,2
8.9,0.0,22,5,62.0,3.0,5.0,7.0,5,4,1,0,1,0,0,2,0,2,2
9.14,1.0,20,5,90.0,1.0,6.0,7.0,5,1,0,0,1,1,0,2,0,2,2
8.96,1.0,22,5,75.0,3.0,0.0,7.0,4,5,0,0,1,0,0,2,0,2,2
8.2,2.0,22,5,120.0,4.0,4.0,5.0,5,5,0,0,1,1,0,2,1,2,2
9.09,0.0,21,3,150.0,2.0,4.0,4.0,4,4,1,0,1,0,1,2,0,2,2
9.3,0.0,22,4,120.0,5.0,0.0,6.0,2,5,0,0,1,1,0,2,0,2,2
7.0,1.0,19,5,30.0,2.0,0.0,5.0,4,1,1,0,1,1,0,2,0,2,2
9.59,0.0,22,5,50.0,3.0,0.0,8.0,2,0,0,0,1,1,1,2,0,2,2
8.52,1.0,22,5,15.0,2.0,0.0,8.0,2,5,0,0,1,1,1,2,1,0,2
9.6,0.0,22,5,90.0,2.0,0.0,7.0,3,5,0,0,1,1,1,2,0,2,2
7.75,5.0,22,5,40.0,3.0,0.0,5.0,3,5,0,0,1,0,0,2,0,2,2
7.0,1.0,19,5,120.0,2.0,0.0,6.0,5,1,0,0,1,1,0,2,0,2,2
8.55,0.0,23,1,20.0,5.0,6.0,5.0,3,4,1,1,2,0,1,2,0,0,2
8.59,4.0,22,3,60.0,2.0,0.0,6.0,2,4,0,0,1,0,0,2,1,2,2
8.0,2.0,24,5,30.0,2.0,8.0,7.0,3,2,1,0,1,0,1,2,0,2,2
8.6,1.0,19,4,60.0,2.0,0.0,7.0,3,1,1,0,1,1,0,2,0,2,2
8.4,3.0,22,3,60.0,4.0,0.0,7.0,5,1,1,0,1,1,0,2,0,1,1
7.92,0.0,20,5,120.0,1.0,0.0,4.0,4,4,0,0,1,0,0,2,0,2,2
7.4,0.0,21,5,90.0,3.0,0.0,3.0,2,1,1,0,1,1,0,2,0,2,2
7.5,3.0,23,5,90.0,2.0,6.0,5.0,4,2,1,0,1,1,1,2,0,2,2
8.86,0.0,20,4,90.0,2.0,0.0,7.0,2,2,1,0,1,0,0,2,0,2,2
5.0,3.0,18,3,105.0,8.0,0.0,5.0,2,3,0,0,1,1,0,2,0,0,0
8.95,1.0,20,5,15.0,2.0,0.0,8.0,3,1,1,0,1,0,0,2,0,2,2
8.64,2.0,24,5,20.0,3.0,0.0,8.0,5,2,1,0,1,0,1,2,0,0,1
9.04,0.0,22,5,120.0,3.0,3.0,6.0,5,4,1,0,1,0,1,2,0,2,2
9.4,0.0,18,5,30.0,3.0,0.0,8.0,4,6,0,1,2,0,0,2,0,2,2
7.3,1.0,21,5,10.0,1.0,0.0,7.0,4,2,1,0,1,1,1,2,0,0,2
8.6,0.0,19,3,90.0,3.0,0.0,5.0,2,6,1,1,1,1,1,2,0,2,2
8.8,0.0,19,5,30.0,4.0,0.0,8.0,3,6,0,0,1,1,0,2,0,2,2
8.5,0.0,20,5,120.0,4.0,0.0,8.0,4,6,0,0,1,1,0,2,0,2,2
9.2,0.0,19,4,90.0,3.0,0.0,4.0,3,6,0,0,1,1,1,2,0,2,1
9.79,0.0,18,5,60.0,4.0,0.0,6.0,1,2,1,0,1,1,0,2,0,2,2
9.52,0.0,20,4,120.0,3.0,10.0,6.0,2,5,1,0,1,1,0,2,0,2,1
7.6,3.0,20,5,60.0,2.0,5.0,4.0,4,5,0,0,2,1,0,2,0,2,2
7.9,2.0,20,1,90.0,3.0,8.0,5.0,4,5,1,0,1,0,1,2,0,2,2
8.04,4.0,22,2,90.0,3.0,0.0,6.0,2,2,1,0,2,1,1,2,0,2,2
7.58,10.0,29,3,120.0,4.0,8.0,5.0,3,2,0,0,1,1,0,2,0,2,2
8.04,4.0,22,2,90.0,3.0,2.0,6.0,1,2,1,0,1,1,1,2,0,2,2
8.04,4.0,22,2,90.0,3.0,2.0,6.0,1,2,1,0,1,1,1,2,0,2,2
8.2,1.0,20,4,40.0,0.0,2.0,8.0,2,2,0,0,1,0,0,2,0,2,2
7.0,5.0,22,1,120.0,3.0,3.0,5.0,1,2,1,0,1,1,0,2,0,2,2
7.1,7.0,21,5,30.0,2.0,0.0,7.0,4,2,1,0,1,0,1,2,0,2,2
7.0,4.0,21,5,30.0,1.0,0.0,6.0,3,4,1,0,1,0,0,2,0,0,2
8.3,0.0,19,3,120.0,0.0,2.0,5.0,1,4,1,0,1,1,0,2,0,0,2
9.0,1.0,23,1,150.0,1.0,12.0,7.0,1,6,0,0,1,1,0,2,0,2,2
9.1,1.0,22,3,150.0,2.0,6.0,4.0,3,6,1,1,1,1,1,1,0,2,2
8.5,1.0,19,4,120.0,2.0,0.0,5.0,4,3,0,0,1,1,0,2,0,1,0
9.0,0.0,22,5,120.0,4.0,0.0,5.0,1,6,2,0,1,1,0,2,0,2,2
9.4,0.0,24,5,30.0,2.0,5.0,6.0,5,4,0,0,1,0,1,2,0,2,2
9.34,0.0,21,4,180.0,2.0,0.0,6.0,1,6,0,0,1,1,1,2,0,2,2
8.3,1.0,21,5,120.0,2.0,0.0,7.0,4,5,0,0,2,0,0,2,0,2,2
7.9,0.0,21,4,90.0,2.0,5.0,5.0,3,5,0,0,1,1,0,2,0,0,1
8.03,0.0,20,5,90.0,3.0,0.0,8.0,5,5,0,0,1,0,0,2,0,2,2
7.5,4.0,22,5,90.0,3.0,0.0,7.0,5,5,1,0,1,0,0,2,0,2,2
8.5,6.0,24,3,20.0,2.0,6.0,5.0,2,5,0,0,1,1,0,2,0,2,2
7.5,3.0,22,3,120.0,1.0,7.0,4.0,5,4,1,1,1,0,0,2,0,2,2
7.9,0.0,20,5,120.0,2.0,8.0,5.0,3,7,0,0,1,0,1,2,0,2,2
9.0,0.0,26,5,90.0,8.0,6.0,3.0,3,7,0,1,2,1,0,2,0,2,2
8.12,0.0,21,5,35.0,3.0,0.0,3.0,3,7,1,0,1,0,0,2,0,2,2
8.9,0.0,20,5,40.0,1.0,0.0,5.0,3,7,0,0,1,1,1,2,0,2,2
9.0,0.0,20,4,180.0,2.0,0.0,4.0,1,7,1,1,1,1,1,2,1,0,2
8.57,0.0,20,5,90.0,3.0,5.0,6.0,2,7,0,0,1,1,0,2,0,2,2
8.9,0.0,21,5,120.0,3.0,0.0,5.0,3,7,0,0,1,1,0,2,0,2,2
8.0,1.0,20,1,180.0,1.0,7.0,2.0,5,7,1,1,1,1,1,2,0,2,2
8.41,0.0,20,5,75.0,3.0,0.0,6.0,3,7,0,0,1,1,0,2,0,2,2
8.8,0.0,21,5,90.0,2.0,0.0,3.0,2,7,0,1,1,1,0,1,0,2,2
8.0,0.0,22,5,90.0,2.0,0.0,5.0,3,7,0,0,1,1,0,2,0,2,2
8.2,0.0,20,5,130.0,1.0,0.0,4.0,2,7,1,1,1,0,1,2,0,2,2
8.6,1.0,21,3,10.0,3.0,0.0,6.0,2,7,0,1,1,1,1,1,0,2,2
8.09,8.0,22,5,40.0,3.0,0.0,2.0,5,7,1,0,1,1,1,2,0,1,2
7.64,6.0,21,5,100.0,1.0,0.0,5.0,1,7,1,0,1,1,0,2,0,2,2
8.7,0.0,22,5,60.0,1.0,0.0,8.0,2,4,0,0,1,0,0,2,0,2,2
8.6,0.0,21,5,45.0,2.0,0.0,6.0,3,7,1,0,1,1,1,2,0,2,2
8.0,1.0,21,2,90.0,2.0,7.0,6.0,2,7,1,0,2,1,0,1,0,2,1
8.0,1.0,22,5,60.0,2.0,0.0,6.0,3,7,0,0,1,1,0,2,0,2,2
8.5,1.0,20,5,90.0,3.0,5.0,4.0,3,7,0,0,1,1,0,2,0,2,2
8.9,1.0,25,1,30.0,2.0,0.0,6.0,3,7,0,0,1,0,0,2,0,2,2
7.7,5.0,23,5,90.0,1.0,9.0,6.0,5,5,1,0,1,0,0,2,0,0,2
8.87,0.0,20,5,120.0,2.0,4.0,5.0,3,7,0,0,1,1,0,2,0,2,2
8.6,0.0,22,4,180.0,5.0,4.0,3.0,3,7,1,0,1,1,0,2,0,2,2
8.3,2.0,23,5,90.0,8.0,0.0,4.0,1,7,1,1,1,1,0,2,0,2,2
8.7,1.0,21,2,120.0,3.0,0.0,4.0,3,7,0,1,1,1,0,2,0,2,2
8.0,0.0,21,5,180.0,5.0,0.0,3.0,3,7,0,0,1,1,1,2,0,2,2
8.1,0.0,19,5,60.0,3.0,0.0,6.0,2,7,0,0,1,1,0,2,0,2,2
8.04,3.0,24,5,50.0,5.0,0.0,7.0,2,7,0,0,1,0,0,2,0,2,2
8.3,3.0,22,5,50.0,2.0,6.0,8.0,5,7,0,0,1,1,0,2,0,2,2
8.0,1.0,22,3,120.0,0.0,9.0,5.0,5,7,0,0,1,1,0,2,0,0,0
7.8,1.0,21,5,60.0,1.0,6.0,7.0,3,7,0,0,1,0,0,2,0,2,2
7.8,2.0,20,4,60.0,2.0,0.0,8.0,2,7,0,0,1,1,0,2,0,0,1
8.7,0.0,19,3,40.0,5.0,0.0,6.0,5,7,0,0,1,1,0,2,0,2,2
9.24,0.0,20,5,120.0,4.0,0.0,5.0,2,7,0,0,1,1,0,2,0,2,2
9.0,1.0,20,5,60.5,2.0,0.0,4.0,3,7,0,1,1,1,0,2,0,2,2
8.33,0.0,21,5,90.0,3.0,4.0,6.0,2,7,1,1,2,1,0,2,0,2,2
8.45,0.0,20,5,180.0,8.0,0.0,8.0,3,7,0,0,1,1,0,2,0,2,1
8.7,0.0,47,4,25.0,3.0,0.0,7.0,2,7,0,1,2,0,0,0,0,2,1
7.6,3.0,24,5,50.0,1.0,5.0,4.5,3,1,1,1,1,0,0,2,0,2,2
7.6,1.0,20,5,10.0,6.0,0.0,5.0,4,5,1,0,1,0,1,2,0,2,2
8.1,5.0,23,5,80.0,5.0,5.0,6.0,4,5,1,0,1,1,0,2,0,0,2
8.4,2.0,20,3,120.0,2.0,8.0,6.0,2,7,1,0,1,0,1,2,0,0,2
8.4,2.0,23,5,150.0,3.0,0.0,6.0,4,7,0,0,1,1,0,2,0,2,2
8.2,2.0,20,5,60.0,3.0,0.0,5.0,4,6,0,0,1,0,0,2,0,2,2
8.84,1.0,23,2,120.0,2.0,0.0,6.0,4,5,1,0,1,1,0,2,0,2,2
8.0,0.0,22,5,70.0,3.0,0.0,6.0,2,7,1,0,1,1,0,2,0,2,2
7.2,4.0,19,2,20.0,1.0,6.0,4.0,1,5,0,1,2,1,1,2,1,2,2
9.0,0.0,22,4,60.0,2.0,0.0,4.0,2,7,0,0,1,1,0,2,0,2,2
7.45,1.0,22,5,90.0,4.0,0.0,7.0,3,7,1,1,1,1,0,2,0,2,2
6.0,4.0,21,5,23.0,2.0,3.0,6.0,2,5,1,0,1,0,1,0,1,2,2
7.8,2.0,23,5,120.0,2.0,4.0,4.0,3,7,0,0,1,0,0,2,0,2,2
9.8,2.0,22,5,180.0,2.0,0.0,5.0,2,5,1,0,2,1,1,2,0,2,2
7.0,3.0,19,4,20.0,3.0,6.0,6.0,2,5,1,0,1,1,1,2,0,2,2
7.5,1.0,19,3,90.0,4.0,0.0,5.0,4,5,1,0,1,1,0,2,0,0,2
6.23,6.0,20,5,15.0,3.0,0.0,5.0,5,5,1,0,1,0,1,2,0,0,2
8.7,0.0,19,5,60.0,5.0,3.0,5.0,2,6,0,1,1,1,0,2,0,2,2
9.7,0.0,21,5,120.0,3.0,6.0,7.0,3,6,0,0,1,1,0,2,0,2,2
8.2,1.0,19,4,150.0,1.0,0.0,5.0,3,6,0,0,1,0,0,2,0,2,2
4.57,5.0,21,5,120.0,2.0,10.0,6.0,3,5,0,0,1,1,1,2,0,2,2
6.58,6.0,25,5,40.0,3.0,6.0,9.0,4,5,1,0,1,1,0,2,0,2,2
7.7,1.0,22,2,120.0,4.0,0.0,6.0,3,5,1,1,1,1,1,2,0,2,2
6.0,4.0,21,3,120.0,4.0,0.0,5.0,1,3,0,0,1,1,0,2,0,2,2
7.2,10.0,22,5,60.0,2.0,0.0,3.0,3,4,1,0,1,1,0,2,0,2,2
7.2,3.0,22,5,120.0,3.0,0.0,4.0,3,4,1,0,1,0,0,2,1,2,2
7.9,3.0,20,5,15.0,6.0,0.0,7.0,1,2,1,0,1,1,1,2,0,2,2
7.53,2.0,21,5,15.0,3.0,0.0,6.0,3,3,0,0,1,1,1,2,0,2,2
7.2,5.0,21,1,90.0,2.0,10.0,6.0,1,4,1,0,2,1,1,2,0,2,2
9.02,0.0,22,5,90.0,3.0,0.0,5.0,3,6,1,0,1,1,0,2,0,2,2
7.5,2.0,27,3,90.0,3.0,5.0,6.0,5,4,1,0,1,0,0,2,0,2,2
6.0,3.0,19,3,180.0,2.0,7.0,4.0,3,4,0,1,2,0,1,2,1,0,1
7.0,3.0,20,2,120.0,2.0,8.0,4.0,2,4,0,0,1,1,1,2,0,0,1
7.2,5.0,24,4,110.0,3.0,0.0,5.0,1,4,1,0,1,1,1,2,0,2,1
8.0,0.0,20,4,70.0,3.0,8.0,4.0,3,4,1,0,1,1,0,2,0,2,2
6.33,1.0,19,5,60.0,2.0,0.0,6.0,5,4,1,0,1,1,1,2,0,2,2
8.0,0.0,19,5,180.0,4.0,0.0,6.0,2,4,0,0,1,1,1,2,1,2,2
8.0,2.0,21,4,60.0,3.0,2.0,7.0,5,4,1,1,1,1,0,2,0,2,2
8.0,2.0,20,4,120.0,3.0,0.0,5.0,3,4,1,1,1,1,0,2,0,2,2
6.0,2.0,19,4,90.0,2.0,0.0,8.0,3,4,0,0,1,0,0,2,0,2,2
7.0,5.0,24,4,90.0,3.0,0.0,6.0,2,4,1,0,1,1,0,2,0,2,2
7.0,0.0,25,2,120.0,2.0,9.0,5.0,1,4,0,0,1,1,0,2,0,2,2
7.5,0.0,23,5,10.0,3.0,2.0,5.0,3,4,1,0,1,0,0,2,0,2,2
6.78,4.0,22,5,180.0,2.0,7.0,5.0,3,2,1,1,1,1,1,2,0,2,2
6.0,0.0,25,2,120.0,2.0,9.0,4.0,1,4,0,1,1,1,0,2,0,2,2
8.7,10.0,20,5,120.0,2.0,0.0,5.0,4,2,1,1,1,1,0,2,0,2,2
7.67,6.0,23,3,100.0,2.0,1.0,6.0,4,2,1,0,1,1,0,2,0,2,2
9.3,0.0,20,5,100.0,2.0,2.0,5.0,3,2,0,0,1,1,0,2,0,2,2
6.5,1.0,25,2,120.0,3.0,8.0,5.0,2,4,0,1,1,1,0,2,0,2,2
5.5,3.0,20,5,30.0,1.0,0.0,6.0,5,4,1,0,1,1,0,2,0,2,2
6.5,1.0,25,2,120.0,2.5,9.0,5.0,1,4,0,1,1,1,0,2,0,2,1
8.0,0.0,20,5,60.0,2.0,0.0,6.0,3,4,0,1,2,1,0,2,0,2,1
7.6,3.0,21,5,90.0,2.0,0.0,4.0,3,4,1,0,1,1,0,2,0,2,2
7.3,1.0,21,4,60.0,2.0,14.0,6.0,3,4,1,0,1,1,1,2,0,2,2
8.5,0.0,19,5,50.0,3.0,0.0,4.0,4,4,0,0,1,1,0,2,0,2,2
7.77,3.0,23,3,180.0,3.0,2.0,7.0,3,2,0,0,1,1,1,2,0,2,2
8.88,0.0,31,5,20.0,2.0,0.0,7.0,4,4,1,0,1,1,1,2,0,2,2
7.0,4.0,27,1,90.0,4.0,8.0,2.0,1,4,0,0,1,1,0,2,0,2,2
7.4,3.0,24,3,90.0,3.0,0.0,4.0,3,4,1,0,1,1,0,2,0,0,2
7.33,2.0,20,5,180.0,6.0,0.0,3.0,3,4,1,0,1,1,0,1,0,2,1
8.0,2.0,20,5,90.0,2.0,0.0,6.0,1,4,1,1,1,1,0,1,0,2,2
9.0,1.0,22,4,150.0,6.0,0.0,4.0,2,2,0,1,1,1,1,2,1,2,2
9.01,1.0,23,4,60.0,6.0,5.0,7.0,2,2,0,1,1,1,0,2,0,2,2
7.1,6.0,23,5,150.0,2.0,0.0,6.0,3,2,1,0,1,1,0,2,0,0,2
8.0,4.0,19,3,60.0,2.0,10.0,5.0,3,4,1,1,1,0,1,2,0,2,2
8.0,1.0,19,1,120.0,2.0,6.0,6.0,3,4,0,0,2,0,1,0,0,2,2
7.6,5.0,20,5,120.0,2.0,0.0,4.0,2,4,1,1,1,1,0,2,0,2,2
8.3,1.0,22,5,60.0,1.0,0.0,7.0,3,4,1,0,1,0,0,2,0,2,2
7.8,4.0,23,5,120.0,1.0,0.0,5.0,2,4,1,1,1,1,1,2,0,2,2
8.3,0.0,19,5,90.0,3.0,0.0,8.0,5,4,1,0,1,0,1,2,0,2,2
7.68,5.0,24,5,115.0,3.0,6.0,6.0,3,4,1,0,1,1,1,2,0,2,2
6.87,8.0,23,4,150.0,2.0,0.0,6.0,3,4,1,0,1,1,1,2,0,2,2
7.5,5.0,25,3,90.0,0.0,6.0,6.0,3,4,1,1,2,0,0,2,0,2,2
8.86,2.0,22,4,120.0,3.0,0.0,6.0,1,6,0,0,1,1,1,2,0,2,2
9.1,0.0,18,4,90.0,2.0,0.0,3.0,3,6,0,1,2,0,0,2,0,1,0
9.0,0.0,18,4,60.0,4.0,0.0,5.0,1,6,0,0,1,0,1,2,0,1,0
8.87,2.0,23,3,87.0,4.0,2.0,6.0,2,7,0,0,1,1,0,2,1,2,2
7.58,0.0,19,5,30.0,2.0,0.0,6.0,1,4,1,0,1,1,1,2,0,2,2
7.0,8.0,18,5,150.0,3.0,0.0,5.0,3,4,1,0,1,0,1,2,0,0,2
7.3,2.0,21,5,160.0,2.5,0.0,4.0,2,4,1,1,1,0,0,2,0,2,2
7.5,5.0,26,4,40.0,2.0,10.0,6.0,3,6,1,0,1,0,0,2,1,2,2
8.2,1.0,19,4,60.0,5.0,0.0,6.0,2,3,0,0,1,1,0,2,0,2,2
7.6,0.0,19,5,60.0,1.0,0.0,5.0,3,2,1,0,1,1,0,2,0,0,2
7.6,2.0,20,5,30.0,2.0,0.0,5.0,2,2,0,0,1,1,1,2,0,0,2
7.6,1.0,21,5,90.0,2.0,0.0,7.0,2,2,0,0,1,1,0,2,0,2,2
7.5,1.0,19,5,120.0,2.0,0.0,4.0,1,2,0,0,1,1,0,2,0,2,2
8.21,4.0,24,4,120.0,1.0,0.0,5.0,3,6,1,0,1,1,0,2,1,2,2
5.5,4.0,22,5,60.0,5.0,0.0,8.0,2,2,1,0,1,1,0,2,0,2,2
6.1,4.0,23,3,180.0,0.0,10.0,6.0,5,7,1,1,1,1,1,2,1,1,0
7.98,3.0,21,5,120.0,3.0,0.0,4.0,2,4,1,0,1,1,0,2,0,0,2
7.6,3.0,21,4,60.0,2.0,24.0,6.0,3,2,1,1,1,1,0,2,0,2,2
8.03,2.0,22,5,50.0,2.0,4.0,6.0,3,2,1,0,1,0,0,2,0,2,2
7.4,5.0,22,4,90.0,3.0,0.0,8.0,3,2,0,0,1,1,1,2,0,0,2
8.0,3.0,21,5,180.0,1.0,0.0,7.0,2,2,0,0,1,1,1,2,0,2,2
9.12,0.0,21,4,120.0,4.0,0.0,5.0,3,2,0,1,1,1,0,2,0,2,2
7.4,7.0,21,5,180.0,1.0,0.0,6.0,1,2,1,0,1,1,1,2,0,1,2
7.7,4.0,23,5,180.0,1.0,2.0,7.0,3,6,0,0,1,1,1,2,0,2,2
4.2,3.0,19,5,90.0,2.0,0.0,4.0,3,2,1,0,1,1,0,2,0,2,1
9.32,0.0,21,3,65.0,4.0,0.0,6.0,2,2,1,1,1,1,1,2,1,2,2
8.5,0.0,18,3,90.0,4.0,0.0,7.0,2,7,0,0,1,0,0,2,0,2,2
8.0,5.0,25,3,150.0,5.0,0.0,3.0,3,2,0,0,1,1,0,2,0,2,2
9.22,0.0,23,5,20.0,3.0,0.0,6.0,4,5,0,0,1,1,1,2,0,2,2
8.0,4.0,20,5,90.0,7.0,5.0,3.0,3,2,0,0,2,0,0,2,0,2,1
8.2,3.0,22,5,120.0,1.0,0.0,6.0,3,5,1,0,1,0,1,2,0,2,2
6.0,3.0,19,3,120.0,2.0,0.0,5.0,2,5,0,1,2,1,0,2,0,2,2
6.0,5.0,23,5,150.0,3.0,0.0,3.0,1,5,2,0,2,1,0,2,0,2,2
8.15,1.0,24,5,150.0,2.0,4.0,6.0,1,5,1,1,2,1,0,2,0,2,2
4.5,2.0,30,3,90.0,4.0,0.0,6.0,3,2,0,0,1,1,0,2,0,2,2
8.5,0.0,20,5,130.0,5.0,0.0,8.0,4,2,0,0,1,1,0,2,0,2,2
6.62,10.0,22,3,120.0,5.0,0.0,4.0,4,2,2,0,1,1,0,2,0,2,2
8.51,0.0,23,5,50.0,5.0,0.0,5.0,3,0,0,0,1,0,0,2,0,2,2
8.01,3.0,22,5,20.0,4.0,0.0,6.0,5,0,1,0,1,0,0,2,0,2,2
7.5,4.0,25,1,40.0,4.0,0.0,4.0,3,0,1,0,1,1,0,2,0,2,2
7.9,4.0,23,5,45.0,2.0,5.0,7.0,5,0,0,0,1,0,0,2,0,2,2
9.05,0.0,21,3,20.0,5.0,5.0,4.0,2,0,0,0,1,1,1,2,1,2,2
8.98,0.0,22,1,30.0,3.0,9.0,6.0,4,6,0,0,1,1,1,2,0,2,1
7.9,0.0,22,5,120.0,2.0,0.0,6.0,1,0,0,0,1,1,0,2,0,2,2
7.8,2.0,21,5,10.0,5.0,0.0,5.0,3,0,0,0,1,1,1,2,0,2,1
8.12,1.0,20,5,90.0,8.0,0.0,6.0,1,0,0,0,1,1,0,2,0,2,2
8.18,1.0,21,5,90.0,5.0,0.0,8.0,3,0,0,0,1,0,0,2,0,2,2
8.0,1.0,21,5,40.0,5.0,0.0,5.0,3,0,0,1,1,1,0,2,1,2,2
7.64,4.0,20,4,160.0,4.0,0.0,4.0,2,0,0,0,1,0,1,2,0,2,2
8.4,1.0,21,5,70.0,3.0,0.0,6.0,2,0,0,0,1,1,1,2,0,2,2
7.22,10.0,22,3,35.0,2.0,4.0,7.0,3,2,0,0,1,1,0,2,0,2,1
8.0,2.0,20,5,100.0,2.0,0.0,4.0,3,0,0,0,1,1,0,2,0,2,2
7.4,4.0,21,3,180.0,3.0,12.0,4.0,5,0,0,1,2,1,1,2,0,2,2
7.9,6.0,22,5,180.0,3.0,0.0,3.0,1,0,0,0,1,1,1,2,0,2,0
7.4,3.0,20,4,60.0,5.0,0.0,7.0,1,0,0,0,1,1,0,2,0,2,2
8.2,0.0,21,5,120.0,1.0,0.0,6.0,4,0,1,0,1,1,0,2,0,2,2
8.65,9.0,24,2,180.0,6.0,5.0,3.0,2,0,1,0,2,1,1,2,1,2,2
8.98,2.0,21,4,90.0,2.0,0.0,7.0,4,6,1,0,1,1,0,2,0,1,2
7.86,1.0,22,3,60.0,1.0,0.0,6.0,3,6,1,0,1,0,0,2,0,0,1
8.8,2.0,21,5,90.0,3.0,0.0,7.0,2,6,1,0,1,1,0,2,0,2,2
8.9,0.0,20,4,90.0,2.0,0.0,8.0,3,6,0,0,1,1,0,2,0,2,2
8.12,1.0,21,4,60.0,4.0,0.0,6.0,4,6,1,0,1,0,0,2,0,0,1
7.45,3.0,22,4,30.0,2.0,0.0,6.0,3,6,1,0,1,0,1,2,0,2,0
8.67,0.0,21,5,60.0,4.0,0.0,7.0,2,6,0,0,1,0,0,2,0,2,2
9.3,0.0,21,4,80.0,0.0,0.0,7.0,4,1,1,0,1,1,0,2,1,2,2
8.23,0.0,20,4,60.0,2.0,0.0,8.0,2,6,0,0,1,0,0,2,0,2,2
9.5,2.0,23,5,25.0,3.0,0.0,6.0,3,5,1,0,1,0,1,2,0,2,2
7.5,1.0,20,4,80.0,4.0,3.0,6.0,4,5,1,0,1,1,0,2,0,2,2
8.8,4.0,23,4,120.0,2.0,0.0,8.0,5,4,1,0,1,0,1,2,0,2,2
7.0,1.0,20,4,130.0,4.0,5.0,6.0,3,4,1,1,1,1,0,2,0,2,2
8.0,2.0,23,5,50.0,2.0,4.0,7.0,2,4,1,1,1,1,0,2,0,2,2
8.0,4.0,23,3,90.0,2.0,6.0,5.0,5,5,2,0,2,1,0,2,0,2,1
9.6,0.0,24,5,30.0,2.0,5.0,6.0,2,5,1,0,1,0,1,2,0,2,2
8.8,3.0,25,5,20.0,3.0,7.0,6.0,4,5,1,0,1,0,1,2,0,0,2
7.0,4.0,23,4,60.0,2.0,8.0,6.0,4,5,0,1,2,0,0,2,0,2,2
7.93,0.0,21,5,45.0,4.0,0.0,7.0,3,6,0,0,1,0,0,2,0,2,2
8.1,1.0,18,3,120.0,3.0,12.0,4.0,4,4,1,0,1,1,1,2,0,2,2
7.85,3.0,24,2,90.0,1.0,6.0,6.0,4,6,1,0,1,0,0,2,0,2,1
10.0,0.0,20,4,25.0,5.0,0.0,5.0,3,5,1,0,1,1,1,2,0,2,2
8.3,2.0,22,5,40.0,3.0,0.0,7.0,3,5,1,0,1,0,1,2,0,2,2
8.9,1.0,21,2,90.0,3.0,5.0,5.0,4,4,0,0,1,1,0,2,0,2,2
7.5,2.0,19,2,100.0,8.0,0.0,12.0,5,5,2,1,1,0,1,0,1,0,1
8.96,0.0,20,4,40.0,5.0,0.0,7.0,2,6,0,0,1,0,0,2,0,2,2
9.1,1.0,23,5,40.0,4.0,0.0,7.0,4,5,0,0,1,0,0,2,0,2,2
9.8,0.0,19,5,50.0,2.0,0.0,8.0,2,5,0,0,1,0,0,2,0,0,1
9.3,2.0,22,5,60.0,3.0,0.0,7.0,4,4,0,0,1,0,1,2,0,2,2
9.3,1.0,21,5,45.0,5.0,5.0,9.0,3,5,1,0,2,1,1,2,0,2,2
9.01,0.0,24,5,90.0,5.0,0.0,7.0,1,6,0,0,1,0,0,2,0,2,2
8.4,2.0,22,2,150.0,5.0,0.0,4.0,5,5,0,0,1,1,0,2,0,2,2
7.6,1.0,23,5,30.0,3.0,6.0,5.0,5,5,1,0,1,0,0,2,0,2,2
9.5,0.0,18,5,60.0,2.0,7.0,8.0,4,4,1,0,1,0,0,2,0,2,2
9.7,0.0,19,5,60.0,4.0,0.0,8.0,5,5,0,0,1,0,0,2,0,2,2
8.3,4.0,23,5,45.0,2.0,0.0,6.0,4,5,0,0,1,0,0,2,0,2,2
9.7,1.0,23,5,50.0,2.0,0.0,8.0,5,4,1,0,1,0,0,2,0,2,1
8.9,1.0,21,4,20.0,2.0,0.0,8.0,4,5,1,0,1,1,1,2,0,2,2
7.9,2.0,20,3,90.0,3.0,5.0,6.0,2,5,1,0,1,1,1,2,0,2,2
7.3,5.0,21,3,60.0,2.0,0.0,5.0,2,2,1,0,1,1,0,2,0,2,2
9.1,0.0,19,5,40.0,1.0,0.0,7.0,1,6,0,0,2,0,0,2,0,2,1
8.61,1.0,21,5,60.0,3.0,1.0,7.0,3,2,1,0,1,0,0,2,0,2,2
8.7,1.0,21,5,30.0,1.0,0.0,5.0,4,6,0,1,2,1,0,2,0,2,2
9.2,0.0,18,4,60.0,2.0,0.0,7.0,4,7,0,1,1,1,0,2,0,2,1
8.2,5.0,21,5,60.0,1.0,0.0,8.0,4,4,1,0,1,0,0,2,0,2,1
7.0,2.0,20,3,130.0,8.0,0.0,6.0,3,3,1,0,1,1,0,2,0,0,1
7.7,2.0,23,4,50.0,2.0,5.0,6.0,5,4,1,1,1,1,1,2,0,2,2
7.6,3.0,21,5,60.0,2.0,0.0,8.0,4,4,1,0,1,0,0,2,0,0,1
9.1,1.0,20,5,80.0,3.0,0.0,7.0,4,4,0,0,1,0,0,2,0,2,2
7.03,10.0,25,3,120.0,3.0,0.0,6.0,3,5,0,0,1,0,1,2,1,2,2
9.0,0.0,20,5,70.0,3.0,0.0,6.0,5,5,1,0,1,0,0,2,0,2,2
6.6,2.0,24,2,150.0,4.0,0.0,6.0,4,4,1,0,1,1,1,2,0,2,2
7.8,2.0,20,1,25.0,2.0,5.0,6.0,5,5,1,0,0,1,0,2,0,2,2
7.9,2.0,21,4,80.0,2.0,5.0,6.0,5,4,1,0,2,0,0,2,0,0,2
7.8,5.0,23,4,90.0,2.0,0.0,6.0,5,4,1,0,1,0,0,2,1,2,0
8.3,3.0,23,5,180.0,0.0,2.0,4.0,4,5,1,0,1,0,1,2,0,1,0
9.0,1.0,18,4,120.0,6.0,8.0,3.0,1,5,1,0,1,1,1,2,0,2,2
8.09,2.0,21,2,150.0,5.0,9.0,4.0,4,5,1,1,1,0,0,2,0,2,2
8.3,2.0,20,5,45.0,3.0,0.0,5.0,5,4,1,0,1,0,1,2,0,2,1
8.5,4.0,20,5,50.0,2.0,3.0,7.0,5,5,0,0,1,0,0,2,0,0,2
9.17,0.0,22,4,40.0,5.0,6.0,6.0,4,5,1,0,1,1,0,2,1,2,0
9.1,0.0,22,5,30.0,4.0,0.0,8.0,3,5,0,0,1,0,1,2,0,2,2
9.0,3.0,22,4,70.0,3.0,0.0,7.0,4,5,0,0,1,0,1,2,1,2,2
7.0,2.0,19,5,100.0,2.0,0.0,7.0,3,3,1,0,1,0,0,2,0,0,2
7.91,4.0,22,5,30.0,3.0,0.0,6.0,1,3,1,1,1,1,1,2,0,2,2
8.4,2.0,21,5,60.0,3.0,0.0,6.0,2,3,0,1,1,1,1,2,1,2,2
9.1,0.0,21,5,70.0,3.0,4.0,6.0,3,5,1,0,1,1,0,2,0,2,2
8.0,0.0,18,5,60.0,3.0,0.0,8.0,1,3,1,0,1,1,1,2,0,2,2
7.4,5.0,22,4,70.0,2.0,5.0,6.0,2,4,1,0,1,0,0,2,0,1,2
8.4,1.0,19,3,180.0,5.0,0.0,4.0,1,2,0,1,1,1,1,2,0,2,1
8.7,5.0,23,4,150.0,5.0,1.0,5.0,2,2,1,0,1,1,1,2,0,2,2
8.4,2.0,21,4,180.0,0.0,1.0,3.0,4,1,1,0,1,1,0,2,0,2,2
7.2,3.0,19,5,90.0,2.0,0.0,5.0,2,1,1,0,1,0,0,2,1,2,2
7.23,0.0,19,5,90.0,4.0,0.0,5.0,2,1,1,0,1,1,0,2,0,2,2
6.2,5.0,19,3,90.0,3.0,0.0,5.0,3,1,1,0,1,0,1,2,0,0,2
6.71,1.0,19,5,90.0,2.0,0.0,6.0,3,1,1,0,1,0,1,2,0,2,2
7.0,4.0,23,4,90.0,1.0,7.5,6.0,4,1,0,0,1,1,1,2,0,2,2
8.2,1.0,20,5,90.0,2.0,0.0,6.0,4,1,1,0,1,1,0,2,0,2,1
7.5,0.0,19,5,60.0,4.0,0.0,4.0,4,1,1,0,1,1,0,2,0,2,2
7.8,0.0,19,5,105.0,3.0,3.0,5.0,5,1,1,0,1,1,0,2,0,2,2
7.8,0.0,20,5,80.0,3.0,0.0,5.0,3,1,1,0,1,0,0,2,0,2,2
8.7,0.0,19,5,180.0,2.0,0.0,4.0,2,1,0,0,1,1,0,2,0,2,2
8.05,0.0,19,4,70.0,1.0,0.0,5.0,3,1,1,0,1,1,0,2,0,2,2
8.04,1.0,19,5,90.0,6.0,0.0,5.0,4,1,0,0,1,1,0,2,0,0,2
7.8,1.0,18,4,150.0,2.0,5.0,4.0,2,1,0,0,1,1,0,2,0,2,2
8.09,0.0,20,5,120.0,4.0,0.0,5.0,3,1,1,0,1,1,1,2,0,2,2
8.2,0.0,19,5,60.0,3.0,0.0,6.0,5,1,1,0,1,1,0,2,0,2,2
7.88,2.0,22,5,90.0,2.0,0.0,6.0,3,1,1,0,1,0,0,2,0,0,2
9.1,0.0,19,5,90.0,2.0,0.0,6.0,3,1,0,0,1,1,0,2,1,2,2
8.09,0.0,19,5,90.0,8.0,2.0,6.0,3,1,1,1,2,0,0,2,0,2,2
8.3,2.0,19,4,120.0,3.0,0.0,5.0,3,1,1,0,1,1,1,2,0,2,1
9.55,0.0,19,5,15.0,2.0,0.0,7.5,3,1,1,0,1,0,0,2,0,2,2
9.2,0.0,19,4,60.0,6.0,0.0,6.0,3,1,1,1,1,1,0,2,0,2,2
8.4,0.0,19,4,180.0,2.0,0.0,3.0,3,1,0,0,2,1,1,2,0,2,2
8.09,0.0,19,5,90.0,5.0,0.0,5.0,3,1,1,0,1,1,0,2,0,2,2
8.8,1.0,20,3,120.0,4.0,0.0,6.0,3,1,1,0,2,1,0,2,1,2,2
9.5,0.0,19,5,120.0,4.0,0.0,5.0,5,1,1,0,1,1,0,2,0,2,2
8.3,1.0,19,4,100.0,2.0,0.0,4.0,3,1,0,1,1,1,0,2,0,0,2
8.8,0.0,19,5,90.0,6.0,0.0,5.0,3,1,1,0,1,1,0,2,0,2,2
8.8,2.0,19,5,35.0,2.0,0.0,6.0,3,1,1,0,1,1,0,2,0,2,2
8.5,0.0,19,5,120.0,1.0,0.0,4.0,5,1,1,0,1,0,0,2,0,2,2
9.4,0.0,19,3,100.0,3.0,0.0,6.0,2,1,0,0,1,1,0,2,0,2,2
9.2,0.0,19,5,90.0,7.0,0.0,5.0,2,1,1,0,1,1,0,2,0,2,2
9.82,3.0,23,4,60.0,6.0,0.0,7.0,5,1,1,1,1,1,0,2,1,2,2
9.27,0.0,20,4,75.0,6.0,0.0,5.0,4,1,0,0,1,1,0,2,0,2,2
9.17,0.0,21,1,150.0,7.0,0.0,5.0,1,1,0,0,1,1,1,2,0,2,2
8.6,3.0,20,3,120.0,5.0,4.0,5.0,4,1,0,0,1,1,0,2,0,2,2
9.18,0.0,19,2,120.0,5.0,0.0,3.0,4,1,0,0,1,1,0,2,1,0,2
9.81,0.0,19,5,100.0,0.0,0.0,7.0,3,1,1,0,1,0,0,2,0,2,2
9.3,0.0,19,4,90.0,4.0,0.0,6.0,3,1,0,0,1,1,0,2,0,0,1
8.18,0.0,19,4,20.0,1.0,0.0,8.0,3,1,1,0,1,0,0,2,0,2,2
8.4,4.0,21,4,150.0,1.0,0.0,6.0,4,1,1,0,1,1,0,2,0,2,2
8.88,0.0,19,5,30.0,3.0,0.0,6.0,3,1,0,0,1,1,0,2,0,2,2
9.73,0.0,19,5,120.0,3.0,0.0,4.0,4,1,1,0,1,0,0,2,0,2,2
8.7,0.0,20,5,60.0,5.0,0.0,6.0,3,1,0,0,1,0,1,2,0,2,2
9.2,1.0,19,4,49.0,1.0,0.0,7.0,5,1,1,0,1,1,0,2,1,2,2
9.0,0.0,19,5,60.0,1.0,0.0,5.0,3,1,1,0,1,1,0,2,0,2,2
9.5,0.0,19,5,120.0,2.0,0.0,6.0,3,1,1,0,1,1,0,2,0,0,1
8.1,2.0,20,2,25.0,2.0,0.0,5.0,2,1,0,0,1,1,1,2,0,2,2
9.6,0.0,20,5,90.0,3.0,0.0,4.0,3,1,1,0,1,1,1,2,0,2,2
8.5,0.0,19,5,60.0,2.0,0.0,7.0,4,2,0,0,1,1,0,2,0,2,2
7.0,3.0,19,4,60.0,4.0,4.0,6.0,1,2,1,0,1,1,0,2,0,0,2
8.0,3.0,21,2,30.0,4.0,6.0,5.0,3,3,1,0,1,1,1,2,0,2,2
8.12,1.0,21,3,140.0,5.0,0.0,7.0,3,1,1,0,1,1,0,2,0,2,2
8.0,4.0,21,5,60.0,2.0,0.0,8.0,4,1,1,0,1,1,0,2,0,2,2
8.3,3.0,21,5,40.0,2.0,0.0,7.0,3,1,1,0,1,1,0,2,0,0,1
9.4,0.0,21,5,135.0,1.0,4.0,7.0,5,1,1,0,1,1,0,2,0,2,2
8.53,1.0,21,5,20.0,2.0,0.0,5.0,4,1,1,0,1,0,0,2,0,2,2
8.1,1.0,22,5,40.0,1.5,0.0,5.0,4,1,1,0,1,1,1,2,0,2,2
8.38,1.0,23,5,90.0,4.0,0.0,6.0,5,1,1,0,1,1,1,2,0,2,2
7.4,2.0,21,4,50.0,0.0,0.0,6.0,1,1,1,0,1,0,0,2,0,2,2
8.2,6.0,24,5,40.0,1.0,0.0,6.0,3,1,1,0,1,0,0,2,0,2,2
9.07,0.0,28,5,140.0,8.0,0.0,6.0,3,1,0,1,2,1,1,2,0,2,2
7.38,3.0,21,5,120.0,1.0,0.0,5.0,3,1,1,1,1,1,0,2,0,2,2
7.94,2.0,22,5,40.0,6.0,0.0,4.0,3,1,0,0,2,1,0,2,0,2,2
8.82,4.0,21,5,60.0,3.0,2.0,6.0,4,1,1,1,1,1,0,2,1,2,2
9.08,0.0,19,5,120.0,1.0,0.0,3.0,2,1,0,0,1,1,1,2,0,0,0
9.15,3.0,21,4,75.0,4.0,0.0,7.0,4,1,1,0,1,1,0,2,0,2,2
9.33,0.0,20,4,60.0,1.0,0.0,6.0,1,8,0,0,1,1,1,2,0,2,2
8.2,3.0,20,5,90.0,3.0,0.0,8.0,3,1,1,0,1,1,0,2,0,2,2
8.4,1.0,20,5,90.0,1.0,0.0,7.0,3,1,1,1,1,0,0,2,0,2,2
7.5,2.0,20,4,30.0,2.0,0.0,7.0,4,1,0,0,1,0,1,2,1,0,1
9.3,0.0,19,4,60.0,3.0,0.0,7.0,4,1,1,1,1,1,0,2,0,2,2
7.89,0.0,19,4,120.0,3.0,0.0,5.0,3,1,0,0,1,0,1,2,0,0,2
6.9,3.0,21,5,90.0,2.0,0.0,5.0,3,1,1,1,1,1,0,2,0,0,1
7.0,3.0,26,3,50.0,3.0,1.5,6.0,5,1,1,0,1,1,0,2,0,2,2
7.6,0.0,19,5,50.0,3.0,0.0,6.0,5,1,0,0,1,1,0,2,0,0,1
8.0,2.0,20,5,30.0,2.0,0.0,7.0,4,1,0,0,1,0,1,2,1,0,1
8.0,5.0,22,5,90.0,4.0,0.0,6.0,5,1,1,0,1,0,0,2,0,0,2
8.3,0.0,19,4,90.0,1.0,8.0,7.0,4,4,1,0,1,1,0,2,0,2,2
8.8,0.0,21,5,30.0,3.0,0.0,6.0,4,1,1,0,1,0,0,2,0,2,2
7.8,2.0,20,5,100.0,2.0,0.0,6.0,3,3,1,0,1,1,0,2,0,2,2
7.3,3.0,20,4,180.0,3.0,4.0,3.0,3,3,0,0,1,0,1,2,0,2,2
9.3,0.0,22,5,30.0,8.0,4.0,5.0,3,2,0,0,1,1,1,2,0,2,2
8.45,1.0,18,5,95.0,2.0,3.0,6.0,3,2,1,0,1,1,1,2,1,2,2
7.8,1.0,19,4,90.0,2.0,2.0,7.0,3,2,1,0,1,1,1,2,1,2,2
8.45,1.0,18,5,95.0,4.0,0.0,5.0,2,2,1,0,1,0,1,2,1,0,2
9.3,0.0,22,5,30.0,8.0,4.0,5.0,3,2,0,0,1,1,1,2,0,2,2
8.45,1.0,18,5,100.0,1.0,3.0,6.0,3,2,1,0,1,1,1,2,1,2,2
9.3,0.0,22,5,30.0,8.0,4.0,5.0,3,2,0,0,1,1,1,2,0,2,2
8.57,1.0,22,5,40.0,2.0,0.0,7.0,5,1,1,0,1,1,0,2,0,2,2
8.2,1.0,24,5,180.0,4.0,0.0,6.0,3,0,0,0,1,1,0,2,0,2,2
8.8,3.0,20,5,90.0,4.0,0.0,6.0,2,3,1,1,1,0,0,2,0,2,2
6.2,3.0,20,4,110.0,4.0,1.0,5.0,1,2,0,1,2,1,0,2,0,2,2
9.0,2.0,22,2,170.0,2.0,3.0,7.0,2,8,0,0,1,1,1,2,0,2,2
7.6,2.0,20,5,120.0,2.0,0.0,4.0,5,1,1,1,1,1,0,2,0,0,1
9.0,2.0,22,2,170.0,2.0,3.0,7.0,2,8,0,0,1,1,1,2,0,2,2
8.0,2.0,20,5,135.0,4.0,0.0,4.0,2,3,0,0,1,1,0,2,0,2,2
7.0,5.0,22,5,120.0,2.0,0.0,4.0,1,3,1,0,1,1,0,2,0,2,1
7.9,2.0,21,5,90.0,0.5,5.0,5.0,3,1,1,0,1,1,0,2,0,2,2
7.3,3.0,22,5,30.0,2.0,0.0,7.0,4,1,1,0,1,0,0,2,0,2,2
7.0,4.0,20,3,80.0,2.0,0.0,6.0,3,1,1,0,1,1,0,2,0,2,2
5.5,3.0,20,5,11.0,1.0,0.0,6.0,5,4,1,0,1,1,0,2,0,2,2
3.5,3.0,19,5,130.0,5.0,0.0,7.0,2,2,0,0,1,1,1,2,0,2,2
8.5,0.0,23,4,180.0,2.0,0.0,6.0,2,3,0,0,1,1,1,2,0,2,2
7.8,7.0,23,5,120.0,1.0,0.0,5.0,3,2,1,0,1,0,0,2,1,2,2
8.0,5.0,22,5,40.0,4.0,0.0,5.0,2,5,0,0,1,1,0,2,0,2,2
9.27,0.0,20,5,90.0,6.0,0.0,5.0,3,1,0,0,1,1,0,2,0,2,2
7.1,2.0,20,5,50.0,4.0,0.0,7.0,5,1,1,1,1,1,0,2,0,2,2
8.9,0.0,20,4,40.0,1.0,4.0,7.0,4,1,0,0,1,0,0,2,0,2,2
9.1,0.0,20,4,40.0,2.0,0.0,8.0,3,1,0,0,1,0,0,2,0,2,2
7.42,2.0,20,4,100.0,2.0,0.0,4.0,3,4,1,0,1,1,0,2,0,2,2
7.8,0.0,20,3,80.0,4.0,5.0,5.0,3,1,1,0,2,1,1,2,0,2,2
9.32,0.0,20,5,30.0,1.0,0.0,6.0,5,1,1,0,1,0,0,2,0,2,2
8.16,4.0,26,3,70.0,2.0,8.0,6.0,2,3,1,0,1,0,0,2,0,2,2
7.0,1.0,20,3,30.0,1.0,0.0,6.0,4,1,1,0,2,1,0,2,0,2,2
7.8,6.0,29,5,45.0,4.0,8.0,8.0,4,4,1,0,1,1,0,2,0,2,2
6.0,5.0,24,3,120.0,1.0,3.0,6.0,3,2,1,0,1,1,0,2,0,2,2
7.88,4.0,20,5,90.0,1.0,0.0,7.0,5,1,1,1,1,0,0,2,0,2,2
7.66,10.0,26,1,45.0,3.0,5.0,5.0,3,4,1,1,1,1,0,2,0,2,2
8.7,1.0,20,5,45.0,2.0,6.0,4.0,5,1,1,0,1,0,0,2,0,2,2
7.9,6.0,26,4,40.0,1.0,6.0,6.0,4,4,1,0,1,1,0,2,0,2,2
7.78,6.0,24,5,120.0,3.5,0.0,7.0,3,4,1,0,1,0,0,2,0,2,2
9.32,0.0,20,4,60.0,2.0,6.0,5.0,4,1,1,0,1,1,0,2,0,2,2
8.2,0.0,19,5,50.0,5.0,0.0,7.0,5,3,1,0,1,0,0,2,0,2,2
9.3,0.0,26,5,20.0,1.0,0.0,7.0,4,8,1,0,1,1,0,2,0,0,2
9.34,2.0,22,5,12.0,1.0,8.0,9.0,2,8,0,0,2,1,1,2,0,2,0
9.2,0.0,23,5,50.0,3.0,0.0,8.0,1,5,0,0,1,0,0,2,0,2,2
8.0,0.0,23,5,45.0,3.0,4.0,6.0,4,5,1,0,2,0,0,2,0,2,2
8.3,0.0,23,5,30.0,2.0,6.0,7.0,1,5,0,0,1,0,0,2,0,2,2
7.8,4.0,23,4,90.0,3.0,5.0,6.0,2,5,0,1,2,1,0,2,0,2,2
8.5,2.0,23,4,120.0,2.0,7.0,7.0,4,5,0,0,1,0,0,2,0,0,2
8.0,2.0,23,5,80.0,3.0,0.0,8.0,5,5,0,0,1,0,0,2,0,2,2
7.6,3.0,21,5,120.0,1.0,0.0,4.0,2,2,1,0,1,0,0,2,0,2,2
6.0,5.0,20,5,140.0,4.0,8.0,4.0,3,3,1,0,1,1,0,2,0,2,2
7.1,4.0,22,3,100.0,0.0,0.0,5.0,3,2,1,0,1,0,0,2,0,2,2
9.1,0.0,24,4,60.0,4.0,0.0,7.0,2,6,1,0,1,0,0,2,0,2,2
8.0,0.0,23,4,90.0,5.0,0.0,6.0,3,5,0,0,1,1,0,2,1,2,2
6.9,2.0,23,4,10.0,3.0,0.0,5.0,1,2,1,0,1,0,1,2,0,2,1
8.32,0.0,21,5,40.0,3.0,0.0,7.0,2,6,0,0,1,0,0,2,0,2,1
7.3,1.0,19,5,40.0,4.0,0.0,4.0,2,2,0,0,1,0,0,2,0,2,2
9.2,0.0,21,5,60.0,4.0,0.0,7.0,4,6,1,0,1,0,0,2,0,0,2
7.41,1.0,20,4,45.0,3.0,6.0,5.0,3,6,1,0,1,0,0,2,0,2,1
6.5,5.0,25,2,180.0,1.0,5.0,3.0,4,2,1,1,2,1,0,2,0,1,1
7.98,3.0,23,2,60.0,2.0,6.0,5.0,3,6,0,0,1,1,0,2,0,2,1
6.6,4.0,20,2,120.0,1.0,0.0,5.0,3,2,1,0,2,0,0,2,0,1,1
7.1,3.0,21,4,60.0,2.0,0.0,3.0,2,2,1,0,1,1,1,2,0,2,2
8.56,0.0,20,5,20.0,3.0,0.0,7.0,3,6,0,0,1,0,1,2,0,2,2
8.5,3.0,21,5,90.0,2.0,0.0,7.0,5,5,0,0,1,0,0,2,0,0,2
9.2,0.0,19,5,20.0,1.0,5.0,6.0,4,7,0,0,1,1,1,2,0,2,2
8.0,8.8,19,5,120.0,5.0,0.0,8.0,3,7,0,0,1,1,0,2,0,2,2
9.0,0.0,18,1,120.0,4.0,0.0,4.0,2,7,0,0,1,1,1,2,0,2,2
7.3,2.0,20,3,90.0,4.0,0.0,7.0,3,7,0,0,1,0,0,2,0,2,2
8.7,0.0,19,5,90.0,4.0,0.0,5.0,2,7,0,1,1,1,0,2,0,2,2
9.0,0.0,20,5,150.0,5.0,0.0,4.0,5,7,0,0,1,0,0,2,0,2,1
8.7,0.0,19,5,30.0,6.0,0.0,4.0,3,7,0,0,1,1,1,2,0,2,2
8.8,0.0,19,5,110.0,3.0,5.0,4.0,1,7,1,0,1,1,0,2,0,2,2
9.0,0.0,20,5,80.0,1.0,8.0,5.0,3,7,0,0,1,1,0,0,0,2,2
8.4,0.0,19,5,100.0,3.0,0.0,5.0,1,7,0,0,1,1,1,2,0,2,2
8.0,1.0,20,5,125.0,6.0,0.0,5.0,2,7,0,0,1,1,0,2,0,2,2
8.97,0.0,19,5,90.0,4.0,0.0,5.0,3,7,0,0,1,0,0,2,0,2,1
9.2,0.0,19,5,90.0,4.0,0.0,7.0,3,7,0,0,1,1,0,2,0,2,2
9.0,0.0,20,5,120.0,3.0,12.0,5.0,3,7,0,0,2,1,0,2,0,0,1
9.6,0.0,19,5,120.0,5.0,0.0,5.0,3,7,0,0,1,1,0,2,0,2,2
9.53,0.0,19,3,70.0,3.0,0.0,5.0,2,7,0,0,1,0,1,2,0,2,2
8.71,1.0,19,2,75.0,2.0,0.0,5.0,5,7,0,0,1,0,0,2,0,0,0
8.8,0.0,19,1,120.0,2.0,6.0,4.0,1,7,0,0,1,1,0,2,0,2,2
8.9,0.0,19,3,160.0,5.0,8.0,4.0,2,7,0,0,2,1,0,2,0,2,2
7.1,1.0,20,5,70.0,2.0,40.0,6.0,2,7,1,0,2,1,1,2,0,2,2
9.1,0.0,19,5,100.0,2.0,0.0,6.0,2,7,0,0,1,0,0,2,0,2,2
9.1,0.0,19,5,120.0,3.0,0.0,4.0,3,7,0,0,1,1,0,2,0,2,2
9.0,0.0,20,5,30.0,3.0,0.0,7.0,2,7,0,0,1,1,0,2,0,0,1
9.0,0.0,20,5,120.0,2.0,0.0,5.0,3,7,0,0,1,1,0,2,0,2,2
8.6,0.0,18,4,150.0,1.0,0.0,6.0,3,7,0,0,1,1,1,2,0,0,1
9.2,0.0,19,5,10.0,4.0,0.0,4.0,2,7,0,0,1,0,1,2,0,2,2
9.33,0.0,19,5,15.0,4.0,0.0,7.0,3,7,0,0,1,1,1,2,0,2,1
8.1,0.0,19,5,30.0,1.0,0.0,5.0,3,7,0,0,1,0,0,2,0,2,0
9.07,0.0,19,3,160.0,4.0,0.0,4.0,2,7,0,0,1,1,0,2,1,2,2
9.2,0.0,20,5,80.0,2.0,8.0,5.0,3,7,0,0,1,1,0,2,0,2,2
9.2,0.0,21,5,60.0,3.0,4.0,4.0,5,7,0,0,1,0,0,2,0,2,2
9.22,0.0,19,4,115.0,3.0,8.0,6.0,3,7,0,0,1,1,0,2,0,2,2
6.5,3.0,20,3,50.0,2.0,7.0,6.0,5,7,1,0,1,0,0,2,0,0,2
9.2,0.0,19,5,70.0,3.0,0.0,6.0,3,7,0,0,1,1,0,2,0,2,2
8.8,0.0,20,5,100.0,2.0,0.0,8.0,3,7,0,0,1,1,0,1,0,2,2
9.1,0.0,20,5,80.0,2.0,0.0,5.0,4,7,0,0,1,1,0,2,0,2,2
9.3,0.0,19,5,50.0,4.0,0.0,6.0,3,7,0,0,1,1,0,2,0,2,2
8.6,2.0,18,5,120.0,5.0,0.0,4.0,2,7,0,0,1,1,0,2,0,2,2
9.3,0.0,19,5,180.0,6.0,0.0,5.0,3,7,0,0,1,1,1,2,0,2,2
8.6,1.0,20,5,15.0,3.0,6.0,6.0,4,7,0,1,1,0,1,2,0,2,2
9.2,0.0,23,5,120.0,3.0,0.0,2.0,5,7,0,0,1,1,0,2,0,2,2
9.3,1.0,19,5,100.0,3.0,3.0,5.0,2,7,0,0,2,1,0,2,0,2,2
8.4,1.0,21,5,90.0,1.0,0.0,5.0,3,7,0,0,1,1,0,2,0,2,2
8.8,1.0,20,5,140.0,1.0,8.0,5.0,2,7,0,0,1,1,1,2,0,2,2
8.5,1.0,20,3,180.0,3.0,0.0,3.0,3,7,0,0,1,0,0,2,0,2,2
8.0,1.0,21,5,130.0,4.0,0.0,5.0,3,7,0,1,1,1,0,2,0,2,2
9.0,0.0,20,5,150.0,2.0,0.0,5.0,2,7,0,0,1,1,0,2,0,2,2
8.9,1.0,22,5,80.0,4.0,0.0,8.0,4,7,1,0,1,1,0,2,0,2,2
8.8,0.0,20,4,115.0,4.0,0.0,6.0,3,7,1,0,1,1,0,2,0,2,2
8.9,0.0,20,4,180.0,2.0,5.0,5.0,2,7,0,0,1,1,0,2,0,2,2
9.41,0.0,20,4,90.0,3.0,0.0,6.0,1,7,2,0,1,1,0,2,0,2,2
9.4,0.0,19,5,40.0,2.0,0.0,7.0,3,7,0,1,1,1,0,2,0,2,2
9.2,1.0,20,5,130.0,4.0,1.0,5.0,4,7,0,0,1,0,0,2,0,2,2
8.1,2.0,31,4,90.0,3.0,6.0,5.0,2,7,0,0,1,1,0,2,0,2,2
8.5,1.0,22,4,90.0,1.0,0.0,4.0,2,7,0,0,1,0,0,2,0,2,2
8.5,1.0,22,5,130.0,2.0,0.0,6.0,3,7,0,0,1,0,0,2,0,2,2
9.0,0.0,20,3,80.0,4.0,0.0,7.0,5,7,0,0,2,1,0,2,0,2,2
8.8,0.0,21,5,95.0,3.0,0.0,5.0,3,7,1,0,1,1,0,2,0,2,2
9.1,0.0,20,3,120.0,5.0,8.0,5.0,3,7,0,0,1,1,0,2,0,2,2
8.0,5.0,23,5,30.0,1.0,0.0,7.0,4,7,0,0,1,0,0,2,0,2,2
9.41,0.0,20,5,120.0,4.0,0.0,4.0,4,7,1,0,1,1,0,2,0,2,2
9.0,0.0,21,5,90.0,3.0,0.0,5.0,5,7,0,0,1,1,0,2,0,2,2
8.0,2.0,20,5,150.0,2.0,0.0,5.0,3,7,0,0,1,0,1,2,0,2,2
9.41,0.0,21,5,60.0,3.0,0.0,6.0,3,7,0,0,1,1,0,2,0,2,2
9.3,0.0,20,5,160.0,3.0,0.0,5.0,3,7,0,0,1,1,0,2,0,2,2
8.7,1.0,21,5,150.0,2.0,3.0,4.0,1,7,0,0,1,1,0,2,1,2,2
9.41,0.0,20,5,90.0,4.0,0.0,5.0,3,7,0,0,1,1,0,2,0,2,2
8.0,2.0,23,3,120.0,4.0,0.0,5.0,2,7,0,0,1,1,0,2,0,2,2
9.32,0.0,20,5,30.0,2.0,0.0,5.0,3,7,0,0,1,1,0,2,0,2,2
8.67,1.0,20,5,40.0,2.0,12.0,3.0,1,7,0,0,1,0,0,2,0,2,2
9.1,0.0,21,5,150.0,5.0,0.0,4.0,2,7,0,0,1,1,1,2,0,2,2
9.48,0.0,20,5,80.0,5.0,5.0,3.0,3,7,0,1,1,1,0,2,1,2,2
8.94,0.0,22,5,120.0,7.0,0.0,3.0,2,7,0,0,1,1,0,2,0,1,2
9.45,0.0,22,4,120.0,3.0,0.0,4.0,2,7,0,1,1,1,1,2,0,0,0
9.03,0.0,20,4,100.0,3.0,0.0,5.0,3,7,0,0,1,0,0,2,0,2,2
8.0,1.0,22,3,90.0,2.0,0.0,5.0,2,7,0,0,1,1,0,2,0,2,2
9.3,0.0,20,5,30.0,3.0,0.0,6.0,5,7,0,0,1,0,0,2,0,2,2
9.48,0.0,20,5,120.0,1.0,5.0,4.0,2,7,0,0,1,1,0,2,1,2,2
8.0,2.0,22,5,20.0,1.0,8.0,6.0,5,7,1,0,1,0,0,2,0,2,2
8.8,0.0,21,5,90.0,2.0,0.0,6.0,4,7,0,0,1,1,1,2,0,2,2
8.4,2.0,22,5,80.0,3.0,0.0,6.0,5,7,0,0,1,1,0,2,0,2,2
7.5,4.0,22,5,90.0,0.0,4.0,6.0,3,7,0,0,1,0,0,2,0,2,2
8.87,1.0,21,3,90.0,2.0,8.0,4.0,5,7,0,0,0,1,0,2,0,0,2
8.8,0.0,21,5,50.0,5.0,0.0,7.0,5,7,0,1,2,1,1,2,0,2,2
8.78,1.0,21,5,80.0,5.0,0.0,6.0,3,7,0,1,1,1,1,2,0,2,2
9.14,0.0,22,3,50.0,2.0,2.5,5.0,4,7,0,1,1,1,0,2,0,2,2
8.9,0.0,22,5,120.0,2.0,0.0,8.0,2,7,0,1,1,0,0,2,0,2,2
7.0,3.0,21,5,120.0,1.0,8.0,7.0,5,7,1,1,1,0,0,2,0,0,2
8.67,2.0,22,5,60.0,5.0,0.0,4.0,5,7,0,0,2,0,0,2,0,1,2
9.54,0.0,22,5,60.0,3.0,0.0,5.0,4,7,0,1,1,0,1,2,0,2,2
8.6,2.0,22,5,50.0,2.0,0.0,6.0,5,7,1,0,1,1,0,2,0,2,2
8.94,0.0,22,4,120.0,2.0,0.0,3.0,3,7,0,0,1,1,0,2,0,2,2
8.75,1.0,22,4,120.0,2.0,4.0,5.0,2,7,0,1,1,1,0,2,0,2,2
9.4,1.0,23,5,60.0,1.0,0.0,5.0,3,7,0,1,1,1,0,1,0,2,2
8.83,2.0,22,5,120.0,6.0,0.0,5.0,3,7,0,0,1,1,0,2,0,2,2
8.52,0.0,22,5,90.0,1.0,0.0,6.0,3,7,0,0,1,1,0,2,0,2,2
8.5,0.0,21,5,15.0,2.0,0.0,5.0,4,7,0,0,1,0,0,2,0,2,2
9.36,0.0,20,5,110.0,1.0,0.0,4.5,3,7,1,0,1,1,0,2,0,2,2
9.17,0.0,22,3,50.0,2.0,4.0,5.0,3,7,1,0,1,1,0,2,1,2,2
8.89,0.0,22,3,90.0,2.0,5.0,5.0,3,7,1,1,1,1,0,2,0,2,2
8.6,1.0,21,5,120.0,1.0,4.0,4.0,4,7,0,0,1,1,0,2,0,2,2
6.9,9.0,23,3,130.0,3.0,18.0,6.0,4,7,0,0,1,0,0,2,0,0,2
8.6,0.0,21,4,120.0,3.0,0.0,5.0,2,7,0,0,1,1,1,2,0,2,2
8.28,2.0,20,4,120.0,2.0,4.0,6.0,3,7,0,0,2,1,1,2,0,2,2
8.2,2.0,22,2,60.0,1.0,0.0,6.0,4,7,0,0,1,1,0,2,0,2,2
8.44,0.0,24,4,100.0,2.0,5.0,4.0,2,7,0,0,1,1,0,2,0,2,2
8.5,1.0,20,5,90.0,5.0,0.0,7.0,4,7,0,0,1,0,0,2,0,2,1
8.46,0.0,20,3,120.0,3.0,0.0,4.0,3,7,0,0,1,1,0,2,0,2,2
8.97,0.0,20,4,120.0,3.0,0.0,4.0,2,7,1,0,1,1,0,2,0,2,2
8.0,2.0,22,2,15.0,1.0,0.0,5.0,5,7,1,0,1,0,0,2,0,0,2
9.9,10.0,35,4,85.0,5.0,8.0,6.0,3,7,1,1,2,1,1,2,0,2,2
8.4,1.0,20,5,10.0,3.0,0.0,6.0,2,7,0,0,1,1,1,0,0,2,2
8.97,0.0,20,5,40.0,3.0,0.0,7.0,3,7,1,0,1,0,1,2,0,2,2
8.5,0.0,22,3,90.0,2.0,0.0,5.0,4,7,0,0,1,1,0,2,0,2,2
8.92,0.0,20,5,60.0,2.0,10.0,6.0,4,7,0,0,1,1,0,2,0,2,2
8.56,1.0,20,2,50.0,4.0,0.0,8.0,4,7,0,1,1,1,0,2,0,2,2
8.9,0.0,20,4,100.0,5.0,4.0,4.0,1,7,0,0,1,1,0,2,0,0,2
8.5,0.0,20,5,90.0,4.0,0.0,5.0,5,7,0,0,1,1,1,2,0,2,2
9.0,0.0,20,5,60.0,2.0,6.0,6.0,3,7,0,0,1,1,0,2,0,2,2
8.5,0.0,20,5,120.0,2.0,0.0,6.0,4,7,0,0,1,1,0,2,0,2,2
8.9,0.0,20,4,120.0,3.0,6.0,4.0,3,7,0,0,1,0,0,2,0,2,2
8.6,0.0,20,5,100.0,3.0,0.0,5.0,2,7,0,0,1,0,0,2,0,2,2
8.6,1.0,22,3,140.0,1.0,4.0,5.0,3,7,0,0,2,1,0,2,0,1,1
8.0,6.0,20,4,120.0,1.0,8.0,4.0,5,7,1,1,1,1,0,0,0,2,2
8.5,1.0,20,4,85.0,1.0,0.0,6.0,3,7,0,0,2,1,1,2,0,0,2
8.8,0.0,20,5,120.0,4.0,0.0,4.0,1,7,0,1,1,1,0,2,0,2,2
7.5,1.0,21,5,50.0,3.0,0.0,8.0,3,7,0,0,1,1,0,2,0,2,2
8.5,0.0,20,5,120.0,3.0,0.0,6.0,3,7,1,1,2,0,0,2,0,2,2
7.4,1.0,20,5,30.0,2.0,0.0,6.0,4,7,1,1,1,0,1,2,0,2,2
7.4,8.0,21,3,180.0,3.0,6.0,4.0,5,7,0,0,1,1,1,2,0,2,2
8.6,1.0,22,3,140.0,1.0,4.0,5.0,3,7,0,0,2,1,0,2,0,1,1
8.0,1.0,20,5,140.0,2.0,13.0,6.0,3,7,1,0,1,1,0,2,0,2,2
7.9,1.0,22,5,60.0,2.0,10.0,9.0,3,7,0,1,1,1,0,2,0,2,2
8.0,1.0,20,5,120.0,3.0,0.0,4.0,3,7,0,0,1,1,1,2,0,2,1
8.4,0.0,18,5,120.0,3.0,0.0,4.0,3,7,1,0,1,1,0,2,0,2,2
7.7,0.0,19,5,100.0,3.0,5.0,5.0,3,7,0,0,1,1,0,2,0,0,2
8.2,2.0,20,5,130.0,2.0,4.0,4.0,3,7,0,0,1,1,0,2,0,0,2
8.0,2.0,21,4,90.0,3.0,0.0,5.0,3,7,0,0,1,0,0,2,0,2,2
8.9,0.0,20,5,60.0,3.0,6.0,6.0,3,7,0,0,1,0,0,2,0,2,2
8.1,0.0,22,5,45.0,2.0,3.0,6.0,3,7,0,0,1,1,0,0,0,2,2
9.4,0.0,20,4,60.0,5.0,0.0,6.0,1,7,0,0,2,1,0,2,0,2,2
8.0,1.0,20,5,120.0,3.0,0.0,4.0,5,7,0,0,1,0,0,2,0,1,1
8.6,0.0,22,5,90.0,5.0,0.0,5.0,2,7,1,0,1,1,0,0,0,2,2
8.3,1.0,23,5,120.0,2.0,0.0,5.0,1,7,0,0,1,1,0,2,0,0,1
8.66,0.0,20,3,90.0,2.0,8.0,5.0,4,7,0,0,1,1,0,2,0,2,2
8.8,0.0,20,5,90.0,2.0,4.0,6.0,2,7,1,0,1,1,0,2,1,2,2
8.2,3.0,21,4,15.0,5.0,0.0,6.0,5,7,0,0,1,1,1,2,0,2,1
8.5,2.0,20,5,180.0,2.0,0.0,8.0,1,7,0,0,1,1,0,2,0,2,2
8.72,0.0,21,3,130.0,2.0,4.0,4.0,2,7,1,1,1,1,1,2,0,2,2
8.2,2.0,21,5,45.0,3.0,0.0,6.0,5,7,0,1,1,0,0,2,0,1,1
8.72,0.0,26,5,150.0,1.0,4.0,5.0,3,7,0,0,1,1,0,2,0,2,2
9.0,0.0,19,5,40.0,4.0,0.0,6.0,4,7,0,0,0,1,0,2,0,2,2
9.0,1.0,22,5,150.0,3.0,0.0,6.0,3,7,0,0,1,1,0,2,0,2,2
9.32,0.0,20,4,90.0,4.0,0.0,5.0,2,7,0,0,1,0,0,2,0,2,1
8.86,0.0,20,5,120.0,2.0,7.0,6.0,5,7,0,0,1,1,1,2,0,2,2
8.45,1.0,21,5,40.0,4.0,0.0,4.0,2,7,1,0,1,1,0,2,0,2,2
8.0,2.0,27,5,20.0,3.0,7.0,6.0,4,7,1,0,1,1,0,2,0,2,2
9.2,0.0,21,4,120.0,4.0,0.0,4.0,2,7,0,0,1,1,0,2,0,2,2
8.9,0.0,21,5,120.0,4.0,0.0,4.0,1,7,0,0,1,1,0,2,0,2,2
9.27,0.0,21,5,120.0,3.0,0.0,4.0,3,7,0,0,1,1,0,2,0,2,2
9.23,0.0,20,5,150.0,2.0,0.0,6.0,2,7,0,0,1,1,1,2,0,2,2
8.67,0.0,20,5,70.0,2.0,0.0,4.0,3,7,0,0,1,0,0,2,0,2,2
8.9,1.0,21,4,100.0,3.0,0.0,5.0,1,7,0,0,1,1,0,2,0,0,2
8.9,0.0,20,5,90.0,4.0,0.0,5.0,1,7,0,0,1,1,0,2,0,2,2
8.5,1.0,25,5,130.0,3.0,5.0,4.0,3,7,1,0,1,1,0,2,0,2,2
8.5,0.0,19,5,180.0,2.0,0.0,8.0,3,7,0,1,1,0,1,2,0,2,2
9.64,0.0,20,5,150.0,3.0,0.0,4.0,3,7,0,0,1,0,0,2,0,2,2
9.2,0.0,21,2,145.0,5.0,30.0,4.0,2,7,1,0,1,1,0,2,0,2,2
8.8,0.0,20,5,45.0,3.0,0.0,5.0,4,1,0,0,1,1,1,2,1,2,2
8.5,1.0,24,5,30.0,2.0,0.0,6.0,5,1,2,0,1,1,0,2,0,2,2
9.19,0.0,20,5,20.0,3.0,0.0,6.0,4,1,0,0,1,0,1,2,0,0,2
9.17,0.0,21,4,120.0,3.0,0.0,5.0,3,7,0,0,1,1,0,2,0,2,2
8.1,2.0,22,5,30.0,3.0,0.0,7.0,5,1,1,0,1,0,0,2,0,2,2
7.8,6.0,23,4,40.0,2.0,0.0,8.0,3,1,1,1,1,1,0,2,0,2,1
7.9,4.0,20,5,120.0,3.0,0.0,3.0,5,1,0,0,1,0,0,2,1,2,2
7.9,1.0,20,2,60.0,1.0,0.0,5.0,3,1,2,0,1,0,0,2,0,0,1
8.13,0.0,19,2,140.0,2.0,5.0,5.0,4,1,1,0,1,1,1,2,0,2,2
8.2,4.0,17,5,180.0,5.0,2.0,4.0,3,1,0,0,1,1,1,2,0,2,2
5.4,2.0,21,4,40.0,1.0,0.0,7.0,3,1,1,0,1,1,0,2,0,2,2
9.13,0.0,18,4,120.0,2.0,0.0,4.0,3,1,1,0,1,1,1,2,0,2,2
8.79,1.0,18,5,100.0,1.5,0.0,4.5,4,1,1,0,1,1,0,2,0,2,2
8.7,2.0,20,3,150.0,1.0,4.0,4.0,5,1,1,0,1,1,1,2,0,0,1
6.6,1.0,19,5,180.0,2.0,0.0,7.0,3,1,1,0,1,0,1,2,0,2,1
8.46,5.0,18,4,100.0,4.0,0.0,6.0,3,1,1,0,1,1,1,2,0,2,2
8.45,7.0,22,4,120.0,5.0,0.0,5.0,2,2,1,0,1,1,0,2,0,2,2
8.0,1.0,20,5,130.0,3.0,0.0,4.0,1,7,1,0,1,1,1,2,0,2,2
7.9,3.0,23,3,120.0,3.0,6.0,4.0,3,7,0,0,1,1,0,2,1,2,2
9.5,0.0,18,5,90.0,2.0,0.0,4.0,4,1,1,0,1,0,0,2,0,2,2
7.8,2.0,21,5,45.0,2.0,8.0,7.0,4,1,0,0,1,0,0,2,0,2,2
8.4,0.0,20,5,20.0,2.0,0.0,7.0,4,1,1,0,1,1,1,2,0,2,2
6.95,6.0,22,4,40.0,1.0,0.0,7.0,2,1,1,1,2,0,0,2,0,2,2
7.0,5.0,20,1,25.0,1.0,0.0,5.0,3,1,1,1,2,0,0,2,0,0,2
6.4,3.0,20,5,90.0,3.0,0.0,5.0,2,1,1,1,1,1,0,2,0,2,2
7.0,3.0,20,5,90.0,2.0,0.0,6.0,4,1,1,0,1,0,0,2,1,2,2
6.0,2.0,20,3,90.0,2.0,5.0,4.0,1,1,1,0,1,0,1,2,0,2,2
7.0,6.0,22,4,120.0,2.0,0.0,6.0,3,1,1,0,1,0,1,2,0,2,2
6.2,6.0,20,4,40.0,0.0,0.0,6.0,1,1,1,0,1,0,0,2,0,2,2
6.93,7.0,20,5,120.0,5.0,0.0,5.0,4,1,1,0,1,0,1,2,0,0,2
7.6,7.0,24,4,50.0,3.0,0.0,7.0,5,4,1,0,2,0,0,2,0,0,2
7.5,3.0,23,1,90.0,2.0,7.0,7.0,2,4,1,0,1,0,0,2,1,2,2
7.61,8.0,21,3,100.0,5.0,0.0,5.0,3,5,0,0,2,1,0,2,0,2,2
7.99,10.0,25,3,100.0,3.0,10.0,5.0,2,5,0,0,1,1,0,2,0,2,2
8.6,0.0,23,4,50.0,2.0,0.0,8.0,4,5,0,0,1,0,0,2,1,2,2
7.5,1.0,23,5,90.0,3.0,0.0,7.0,5,5,1,0,1,0,0,2,0,2,2
7.9,2.0,21,4,45.0,2.0,0.0,6.0,5,5,0,0,1,0,1,2,0,1,0
8.3,0.0,20,5,30.0,4.0,0.0,6.0,3,1,0,1,1,1,0,2,0,2,2
8.86,0.0,21,4,80.0,4.0,0.0,7.0,4,1,1,0,1,1,0,2,1,2,2
9.36,1.0,23,3,60.0,4.0,0.0,7.0,3,1,1,0,2,1,0,2,0,2,2
9.11,0.0,20,4,20.0,3.0,0.0,5.0,5,1,0,0,1,0,0,2,0,2,2
8.43,1.0,21,5,45.0,1.0,0.0,6.0,4,1,1,0,1,0,0,2,0,2,1
7.8,4.0,29,4,50.0,3.0,0.0,8.0,4,1,1,1,1,1,0,2,0,2,2
8.59,6.0,24,5,70.0,5.0,0.0,6.0,5,1,1,1,1,1,0,2,0,2,2
7.76,4.0,24,5,90.0,2.0,3.0,6.0,3,1,1,0,1,1,0,2,0,2,1
8.0,3.0,22,5,120.0,5.0,0.0,7.0,3,1,1,1,1,1,0,2,0,2,2
8.2,6.0,23,5,120.0,2.0,8.0,7.0,5,1,1,0,1,1,0,2,0,0,2
7.6,0.0,19,5,90.0,2.0,0.0,5.0,3,7,1,0,1,1,0,2,0,2,2
9.2,0.0,21,5,30.0,4.0,0.0,8.0,5,1,1,0,1,0,1,2,0,2,2
8.02,3.0,20,5,150.0,6.0,0.0,4.0,4,1,1,0,1,1,1,2,0,2,2
8.0,3.0,21,5,90.0,1.0,0.0,8.0,3,1,0,1,1,0,0,0,0,2,2
8.5,0.0,20,5,120.0,2.0,0.0,5.0,1,1,0,0,1,1,1,2,0,0,1
8.54,0.0,20,5,120.0,2.0,0.0,6.0,3,1,1,0,1,1,0,2,0,2,2
7.5,2.0,21,4,45.0,2.0,5.0,5.0,3,1,1,0,1,1,0,2,0,2,2
6.9,6.0,24,5,15.0,2.0,0.0,7.0,2,1,0,0,2,1,1,2,0,2,2
8.0,2.0,22,1,125.0,1.0,6.0,4.0,3,1,2,1,1,1,0,2,0,2,2
7.8,1.0,20,4,180.0,3.0,0.0,2.0,4,1,0,0,1,1,0,2,0,2,1
8.0,2.0,22,5,60.0,4.0,300.0,4.0,5,1,1,0,1,1,0,2,0,1,1
7.0,0.0,19,4,60.0,3.0,3.0,4.0,5,1,1,0,1,1,0,2,0,0,1
8.15,3.0,22,5,40.0,0.0,0.0,6.0,5,1,1,0,1,1,1,2,0,2,2
8.65,1.0,32,5,30.0,0.0,0.0,5.0,3,1,1,0,1,0,0,2,0,2,2
8.7,0.0,21,5,120.0,5.0,0.0,6.0,2,7,0,0,1,1,1,2,0,2,2
8.0,0.0,17,4,90.0,1.0,0.0,7.0,4,1,1,0,1,1,0,2,0,2,2
7.0,1.0,20,2,90.0,3.0,4.0,2.0,2,1,1,0,1,1,0,2,0,2,2
7.2,1.0,19,5,60.0,3.0,0.0,4.0,3,1,1,0,1,0,1,2,0,2,2
8.03,3.0,23,5,45.0,2.0,5.0,5.0,2,5,0,1,1,0,0,2,1,0,1
8.0,1.0,18,4,60.0,2.0,0.0,6.0,2,1,1,0,1,1,0,2,0,0,2
8.5,0.0,21,5,60.0,2.0,0.0,7.0,5,1,1,1,2,1,0,2,1,2,2
9.2,1.0,21,5,50.0,2.0,0.0,7.5,5,1,1,0,1,0,1,2,0,2,2
8.8,1.0,21,1,10.0,1.0,0.0,7.0,1,1,1,0,1,0,0,2,0,2,2
8.0,1.0,22,5,90.0,4.0,0.0,5.0,3,0,1,1,1,1,0,2,0,0,2
8.3,3.0,23,5,60.0,4.0,6.0,8.0,5,1,1,0,1,1,0,2,0,2,2
8.4,2.0,24,5,120.0,0.0,4.0,8.0,3,1,1,0,1,1,0,2,0,2,2
8.13,0.0,22,3,90.0,3.0,4.0,7.0,3,0,0,1,2,1,0,2,0,2,2
8.0,1.0,22,4,45.0,3.0,4.0,4.0,2,0,0,1,1,1,0,2,0,2,2
8.1,2.0,21,5,150.0,3.0,8.0,4.0,3,0,1,1,1,1,1,2,0,2,2
8.9,0.0,21,5,120.0,2.0,0.0,5.0,5,1,1,0,1,1,1,2,0,2,2
7.3,3.0,20,5,120.0,2.0,0.0,8.0,4,1,1,1,2,1,0,2,0,2,2
7.2,3.0,19,5,90.0,5.0,0.0,5.0,5,1,1,0,1,0,1,2,0,2,2
8.0,2.0,20,5,150.0,3.0,0.0,4.0,4,1,0,0,1,1,0,2,0,0,2
8.1,1.0,36,3,45.0,3.0,6.0,6.0,5,1,0,0,1,1,0,2,0,2,2
8.5,1.0,24,5,50.0,2.0,0.0,5.0,3,0,1,1,1,1,1,2,0,2,2
7.76,2.0,19,5,90.0,1.0,1.0,5.0,5,1,1,0,1,1,0,0,1,2,2
8.0,2.0,19,5,80.0,2.0,0.0,7.0,3,1,1,0,1,0,0,2,0,2,2
9.1,0.0,20,5,90.0,8.0,6.0,5.0,3,7,0,0,2,1,0,2,0,2,2
8.0,1.0,20,4,60.0,6.0,0.0,5.0,3,1,0,0,1,0,1,2,0,2,2
8.0,2.0,19,4,80.0,6.0,0.0,5.0,2,1,0,1,1,0,0,2,0,0,2
8.0,0.0,19,4,90.0,3.0,0.0,7.0,5,1,0,0,1,1,0,2,0,2,2
7.0,1.0,19,5,90.0,3.0,0.0,4.0,3,1,1,0,1,1,1,2,0,2,2
7.0,1.0,20,3,100.0,3.0,0.0,6.0,4,1,0,0,1,1,0,2,0,0,2
7.6,0.0,19,5,100.0,3.0,0.0,5.0,2,1,1,0,1,1,0,2,0,0,2
7.8,1.0,20,2,50.0,1.0,0.0,6.0,4,1,1,0,1,1,0,2,0,2,2
7.8,1.0,20,1,10.0,0.0,0.0,4.0,1,1,1,0,1,1,0,2,0,2,2
6.0,2.0,21,4,120.0,2.0,0.0,4.0,3,1,1,0,1,1,1,2,0,2,2
7.44,1.0,19,1,40.0,1.0,2.0,6.0,5,1,0,0,1,1,0,2,0,2,2
7.7,2.0,20,5,180.0,1.0,12.0,6.0,5,1,0,0,1,0,0,2,0,2,2
7.9,1.0,20,5,30.0,3.0,0.0,6.0,4,1,1,1,1,0,0,2,0,2,2
6.6,3.0,19,5,40.0,2.0,0.0,6.0,2,1,1,0,1,1,1,2,0,0,2
8.08,2.0,21,5,60.0,3.0,8.0,6.0,4,1,0,0,1,0,0,2,0,2,2
8.0,1.0,20,1,60.0,2.0,8.0,4.0,5,1,0,0,1,1,1,2,0,2,2
9.2,0.0,21,5,120.0,4.0,0.0,5.0,3,7,0,0,1,1,0,2,0,2,2
8.5,0.0,20,5,30.0,4.0,0.0,6.5,1,1,1,0,1,1,1,2,0,2,2
7.5,3.0,32,5,10.0,2.0,5.0,6.0,5,1,1,0,1,1,0,2,0,2,2
7.2,3.0,32,5,120.0,2.0,0.0,5.0,3,5,0,0,1,0,0,1,1,2,2
8.15,0.0,20,2,120.0,4.0,0.0,5.0,4,5,0,0,1,1,1,2,0,2,2
9.15,1.0,21,4,60.0,4.0,0.0,6.0,4,8,0,0,1,1,0,2,0,2,2
7.84,0.0,23,3,90.0,3.0,0.0,6.0,3,6,1,0,1,1,0,2,0,2,2
8.0,3.0,22,3,80.0,0.0,0.0,5.0,3,4,1,0,1,1,0,2,0,0,1
9.83,1.0,20,2,100.0,1.0,6.0,5.0,3,5,1,0,1,1,0,2,0,2,2
9.14,0.0,22,3,60.0,5.0,0.0,4.0,3,7,0,0,1,1,0,2,0,0,2
8.7,1.0,20,5,90.0,2.0,0.0,8.0,5,5,1,0,1,0,1,2,0,0,2
7.9,2.0,23,4,50.0,2.0,0.0,7.0,4,5,1,0,1,1,1,2,0,2,2
8.7,2.0,20,5,40.0,2.0,0.0,8.0,3,5,0,0,1,1,1,2,1,2,2
7.84,7.0,22,1,45.0,3.0,0.0,6.0,2,6,0,0,1,1,0,2,1,2,2
9.0,2.0,20,4,90.0,1.0,0.0,7.0,2,5,1,0,1,1,1,2,1,2,2
8.0,3.0,20,4,60.0,2.0,0.0,8.0,3,5,1,0,1,0,0,2,1,2,1
8.9,3.0,18,4,50.0,2.0,0.0,7.0,2,5,1,0,1,0,0,2,0,2,1
7.8,0.0,23,4,120.0,2.0,5.0,7.0,5,4,1,0,2,0,1,2,1,2,2
7.59,4.0,23,5,120.0,2.0,0.0,6.0,3,1,1,1,1,1,0,2,0,2,2
8.5,3.0,21,4,60.0,3.0,0.0,8.0,5,5,0,0,1,0,0,2,1,2,2
8.2,1.0,22,3,70.0,2.0,6.0,7.0,2,5,1,0,2,1,0,2,1,2,2
9.0,0.0,19,5,80.0,2.0,3.0,7.0,2,5,1,0,1,0,0,2,0,2,2
7.9,5.0,23,4,50.0,1.0,5.0,6.0,3,4,1,0,1,1,1,2,0,2,2
8.5,2.0,23,5,40.0,3.0,0.0,8.0,3,5,1,0,1,0,1,2,1,2,2
8.0,8.6,24,5,55.0,3.0,0.0,8.0,5,5,0,0,1,1,0,2,0,2,2
0.0,0.0,19,3,120.0,2.0,0.0,5.0,3,1,1,0,1,1,0,2,0,2,2
8.8,2.0,23,5,60.0,3.0,4.0,6.0,5,5,0,1,2,1,1,2,0,2,2
9.2,2.0,22,5,15.0,2.0,0.0,8.0,3,5,0,0,1,0,0,2,1,2,2
8.4,2.0,21,5,30.0,2.0,0.0,7.0,5,4,1,0,1,0,1,2,0,2,2
7.3,8.0,24,2,60.0,1.0,0.0,7.0,4,2,1,0,1,1,0,2,0,0,2
7.6,6.0,23,4,90.0,6.0,0.0,4.0,1,2,0,0,1,1,0,2,0,0,1
8.2,2.0,22,5,120.0,4.0,4.0,5.0,5,2,0,0,1,1,0,2,1,2,2
8.81,0.0,21,5,90.0,3.0,0.0,4.0,4,7,0,0,1,1,0,2,0,2,0
8.56,2.0,23,4,90.0,3.0,0.0,6.0,3,2,1,0,1,1,0,2,0,2,2
8.2,3.0,21,3,125.0,2.0,0.0,3.0,3,5,1,0,1,1,1,2,0,1,2
8.0,0.0,18,2,120.0,4.0,6.0,4.0,3,1,1,1,2,1,0,2,0,2,2
8.02,4.0,18,4,90.0,2.0,0.0,6.0,5,1,1,0,1,1,0,2,0,2,2
6.2,2.0,20,5,120.0,5.0,0.0,5.0,2,1,1,0,1,1,1,2,0,2,2
7.7,5.0,19,4,30.0,1.0,0.0,7.0,5,4,0,0,1,0,0,2,0,0,1
8.2,0.0,19,5,45.0,4.0,0.0,6.0,4,1,0,0,1,1,0,2,0,2,2
8.89,0.0,22,4,90.0,2.0,6.0,5.0,2,5,1,1,1,1,1,2,0,2,2
8.9,0.0,19,4,130.0,5.0,0.0,3.0,4,7,0,0,1,1,0,2,0,2,2
6.5,2.0,21,2,120.0,1.0,12.0,3.0,3,7,1,0,1,1,0,2,0,2,2
6.7,4.0,20,5,120.0,5.0,0.0,4.0,2,5,0,1,1,1,0,2,0,0,2
9.86,0.0,20,5,90.0,4.0,0.0,5.0,3,7,0,0,1,1,0,2,0,2,2
8.0,1.0,19,4,90.0,5.0,0.0,4.0,4,1,1,0,1,1,0,2,0,2,2
7.29,0.0,22,5,120.0,5.0,0.0,4.0,3,5,1,1,1,1,1,2,0,2,2
8.5,1.0,22,4,70.0,4.0,0.0,6.0,4,7,0,0,1,1,1,2,1,2,1
8.6,3.0,21,5,30.0,3.0,0.0,5.0,5,8,0,0,1,0,1,2,0,2,1
8.86,0.0,21,5,44.0,6.0,0.0,5.0,1,0,0,0,1,1,0,2,0,2,2
8.86,0.0,21,5,45.0,7.0,0.0,5.0,1,0,0,0,1,1,0,2,0,2,2
8.61,1.0,22,4,35.0,3.0,0.0,5.0,2,0,0,1,2,1,0,2,0,2,2
8.3,0.0,22,4,30.0,3.0,0.0,6.0,3,0,1,1,1,1,0,2,0,0,1
8.1,1.0,22,4,60.0,2.0,3.0,6.0,1,0,0,1,1,1,0,2,0,2,2
8.07,0.0,21,5,20.0,2.0,0.0,6.0,3,7,0,0,1,1,0,2,0,2,2
8.6,0.0,22,5,180.0,6.0,0.0,5.0,3,4,1,0,1,1,0,2,0,2,2
8.1,1.0,21,3,120.0,4.0,5.0,6.0,1,3,1,1,2,1,0,2,0,2,2
8.5,4.0,20,5,60.0,3.0,6.0,5.0,3,0,0,1,1,1,0,2,0,2,2
8.1,3.0,21,3,90.0,5.0,0.0,4.0,4,0,0,0,1,1,0,2,0,2,2
8.2,5.0,18,4,30.0,1.0,0.0,7.0,5,1,1,0,1,1,0,2,0,2,2
9.3,3.0,24,4,120.0,6.0,0.0,8.0,1,1,1,0,1,1,0,2,0,2,2
8.33,0.0,18,5,90.0,3.0,0.0,5.0,3,7,0,0,1,1,0,2,0,2,2
8.1,1.0,22,5,180.0,2.0,0.0,4.0,2,2,1,0,1,0,0,2,0,2,2
7.0,2.0,22,3,30.0,1.0,0.0,5.0,1,2,1,0,1,1,0,2,1,2,1
7.1,1.0,21,5,90.0,1.0,0.0,4.0,1,0,1,0,2,0,0,2,0,2,2
7.2,0.0,19,3,20.0,3.0,0.0,4.0,2,2,0,0,1,0,0,2,1,2,2
7.4,2.0,20,4,40.0,2.0,0.0,5.0,3,2,0,0,1,0,0,2,0,2,1
6.8,4.0,22,3,60.0,1.0,5.0,4.0,2,2,1,1,2,0,0,2,0,2,2
7.0,4.0,20,4,50.0,3.0,6.0,6.0,5,6,1,0,1,0,0,2,0,2,2
6.8,4.0,19,3,40.0,3.0,0.0,5.0,4,0,1,0,1,0,0,2,0,2,2
7.3,0.0,20,4,120.0,4.0,0.0,5.0,1,2,1,0,1,0,0,2,0,2,2
7.5,2.0,19,4,150.0,2.0,0.0,5.0,2,2,0,0,1,0,0,2,0,1,2
7.1,1.0,20,3,20.0,2.0,0.0,4.0,4,2,0,0,1,1,1,2,1,2,2
8.1,2.0,20,4,120.0,3.0,0.0,5.0,1,2,1,0,1,0,0,2,0,2,2
8.2,2.0,20,5,60.0,3.0,0.0,8.0,3,0,1,0,1,1,0,2,0,2,2
7.0,1.0,20,4,150.0,1.0,0.0,4.0,4,2,1,0,1,0,0,2,0,2,1
6.7,0.0,20,4,30.0,2.0,5.0,5.0,1,2,1,0,1,1,1,2,0,2,2
8.9,0.0,21,4,30.0,2.0,0.0,5.0,1,2,1,0,1,0,0,2,0,2,2
7.6,2.0,20,4,120.0,3.0,0.0,5.0,1,2,1,0,1,0,0,2,0,1,0
7.6,0.0,21,2,60.0,2.0,0.0,6.0,2,2,1,0,1,0,0,2,0,2,2
6.6,5.0,20,3,60.0,2.0,0.0,6.0,3,2,1,0,1,0,0,2,0,2,2
8.56,3.0,21,3,125.0,2.0,0.0,5.0,3,2,1,0,1,1,0,2,0,1,0
7.98,5.0,22,2,20.0,3.0,0.0,6.0,4,2,1,1,2,1,1,2,1,2,2
7.1,0.0,18,4,40.0,2.0,0.0,5.0,3,2,1,0,1,0,0,2,0,2,1
8.0,0.0,18,4,60.0,2.0,0.0,4.0,2,2,1,0,1,0,0,2,0,2,2
7.2,3.0,21,5,30.0,3.0,0.0,6.0,2,2,0,1,1,0,1,2,1,2,1
7.1,2.0,20,4,120.0,3.0,0.0,5.0,3,2,1,0,1,0,0,2,0,2,1
9.16,0.0,23,5,45.0,5.0,0.0,6.0,2,2,1,0,1,1,0,2,0,2,2
8.2,0.0,20,2,90.0,4.0,0.0,6.0,3,2,0,0,2,0,0,2,0,2,2
8.67,1.0,20,4,75.0,3.0,4.0,4.0,4,2,1,0,1,1,0,2,1,2,2
7.9,2.0,19,4,60.0,0.0,6.0,4.0,4,2,1,0,1,0,0,2,0,0,2
8.1,0.0,18,5,40.0,3.0,0.0,7.0,3,0,0,0,1,1,0,2,0,2,2
8.5,0.0,19,5,30.0,4.0,0.0,8.0,3,0,1,0,1,0,0,2,0,2,2
6.8,4.0,22,4,20.0,2.0,0.0,7.0,4,0,0,0,1,0,1,2,0,2,2
8.4,0.0,20,5,90.0,3.0,0.0,6.0,4,0,1,0,1,1,0,2,0,2,2
8.2,0.0,21,4,20.0,4.0,5.0,6.0,5,0,1,1,2,0,0,2,0,2,2
7.5,0.0,21,5,90.0,4.0,0.0,7.0,4,0,1,0,2,1,0,2,0,2,2
9.2,0.0,20,5,120.0,3.0,0.0,4.0,3,0,0,0,1,0,0,2,1,2,1
9.0,0.0,18,5,45.0,4.0,0.0,5.0,5,0,1,0,1,0,0,2,0,2,2
9.1,0.0,21,5,100.0,5.0,0.0,5.0,3,3,0,0,1,0,0,2,0,2,2
6.8,3.0,22,5,40.0,3.0,0.0,6.0,1,5,0,0,1,0,0,2,0,2,2
7.2,0.0,20,5,100.0,3.0,0.0,8.0,5,4,0,0,2,1,0,2,0,2,2
7.5,2.0,21,4,20.0,2.0,4.0,6.0,3,0,0,0,1,1,1,2,0,2,2
8.7,0.0,22,4,35.0,4.0,0.0,8.0,4,7,1,0,1,0,0,2,0,2,2
7.5,3.0,21,4,120.0,2.0,0.0,3.0,5,0,0,0,1,0,0,2,0,2,2
8.5,0.0,19,5,20.0,4.0,0.0,5.0,3,6,1,0,1,0,0,2,0,2,2
9.3,0.0,21,3,20.0,3.0,0.0,8.0,4,0,1,0,1,0,0,2,1,2,2
9.1,0.0,18,5,15.0,3.0,0.0,8.0,4,0,0,0,1,0,1,2,0,2,2
7.8,0.0,20,4,70.0,4.0,0.0,6.0,5,0,1,0,1,0,0,2,0,2,2
8.8,0.0,22,5,150.0,5.0,0.0,4.0,2,0,0,0,1,0,0,2,0,2,2
7.8,2.0,20,4,45.0,4.0,0.0,6.0,1,0,1,0,1,0,0,2,0,2,2
7.3,0.0,18,5,120.0,4.0,0.0,6.0,3,0,0,0,1,0,0,2,0,2,2
8.0,0.0,22,5,15.0,3.0,4.0,5.0,3,0,0,0,1,0,1,2,0,2,2
7.1,0.0,19,5,30.0,1.0,0.0,7.0,4,0,1,0,1,0,0,2,0,2,2
6.9,0.0,22,4,30.0,5.0,0.0,6.0,3,0,0,0,1,0,0,2,0,2,2
8.9,0.0,18,5,60.0,4.0,0.0,6.0,3,0,1,0,1,0,0,2,0,2,2
7.63,1.0,21,3,20.0,2.0,0.0,6.0,3,6,0,0,1,1,1,2,0,2,1
7.96,2.0,22,4,60.0,2.0,0.0,6.0,3,6,0,0,1,0,0,2,0,2,2
7.87,1.0,21,4,90.0,2.0,0.0,5.0,3,6,0,0,1,1,0,2,0,2,2
8.0,0.0,20,5,120.0,3.0,0.0,4.0,4,8,1,0,1,0,0,2,0,1,2
8.8,0.0,20,5,55.0,4.0,0.0,6.0,2,0,0,0,1,1,0,2,0,2,2
8.3,0.0,22,5,90.0,3.0,5.0,5.0,3,0,0,0,1,0,0,2,0,2,2
8.0,1.0,19,5,25.0,5.0,0.0,7.0,1,4,1,0,1,0,1,2,0,2,2
7.0,0.0,20,5,50.0,2.0,0.0,5.0,4,0,1,0,2,0,0,2,0,2,2
8.5,0.0,18,5,120.0,3.0,0.0,4.0,3,2,1,0,1,1,0,2,0,2,2
9.0,0.0,21,4,45.0,4.0,0.0,8.0,3,3,1,0,1,0,0,2,0,2,2
6.8,4.0,20,5,60.0,2.0,0.0,6.0,4,7,0,0,1,0,0,2,0,1,0
7.21,1.0,22,3,60.0,3.0,0.0,6.0,2,6,1,0,1,1,0,2,0,2,1
7.56,0.0,21,4,45.0,2.0,0.0,6.0,3,6,0,0,1,0,0,2,0,2,1
8.21,0.0,20,5,90.0,3.0,0.0,7.0,2,6,0,0,1,0,0,2,0,2,2
8.25,0.0,21,4,60.0,4.0,0.0,5.0,3,6,0,0,1,0,0,2,0,2,1
7.98,1.0,23,5,90.0,4.0,0.0,6.0,3,6,0,0,1,0,0,2,0,2,2
8.74,0.0,20,5,60.0,3.0,0.0,7.0,2,6,0,0,1,0,0,2,0,2,2
7.47,1.0,21,4,45.0,1.0,8.0,5.0,3,6,1,0,1,0,0,2,0,2,1
7.12,2.0,21,3,40.0,2.0,6.0,5.0,4,6,1,0,2,1,0,2,0,0,1
6.97,3.0,22,2,40.0,1.0,8.0,4.0,4,6,1,0,2,1,0,2,0,2,1
8.61,0.0,20,5,75.0,2.0,0.0,6.0,3,6,0,1,2,1,0,2,0,2,2
7.24,1.0,22,3,25.0,2.0,6.0,5.0,3,6,0,0,1,0,1,2,0,2,1
8.75,0.0,20,5,60.0,2.0,0.0,6.0,2,6,0,0,1,0,0,2,0,2,1
7.9,4.0,19,5,120.0,5.0,6.0,3.0,5,1,1,1,1,1,0,2,0,1,0
8.2,2.0,21,5,120.0,1.5,0.0,7.0,3,4,1,0,1,0,0,2,0,2,2
8.8,1.0,25,3,50.0,3.0,8.0,8.0,4,4,0,0,1,0,0,2,0,2,2
9.2,0.0,22,5,30.0,3.0,0.0,6.0,1,4,1,0,1,0,0,2,0,2,1
10.0,0.0,19,5,45.0,4.0,0.0,7.0,5,4,0,0,1,0,0,2,0,2,2
8.9,0.0,20,5,22.0,5.0,0.0,9.0,5,4,0,0,1,0,1,2,0,2,2
6.8,4.0,21,3,180.0,3.0,0.0,10.0,5,4,0,0,1,0,0,2,0,0,1
7.6,3.0,20,5,40.0,0.0,0.0,10.0,2,4,1,0,1,0,0,2,0,2,2
9.4,0.0,18,5,20.0,2.0,0.0,8.0,5,4,0,0,1,0,0,2,0,1,1
9.5,2.0,23,5,40.0,2.0,0.0,7.0,3,5,0,0,1,0,0,2,0,2,2
6.7,4.0,23,2,60.0,1.0,0.0,7.0,2,4,1,0,1,0,0,2,0,2,2
8.7,1.0,22,4,27.0,2.0,5.0,8.0,3,4,1,0,1,1,1,2,0,2,2
8.5,3.0,22,4,30.0,2.0,0.0,8.0,4,4,0,0,1,0,0,2,0,2,2
7.9,4.0,24,4,120.0,2.0,0.0,8.0,4,4,1,0,1,0,0,2,1,2,1
9.0,0.0,21,5,130.0,2.0,0.0,6.0,1,4,1,0,1,0,0,2,1,2,2
8.0,1.0,19,1,15.0,1.0,0.0,9.0,1,4,1,0,1,0,1,2,0,1,1
5.0,1.0,21,1,12.0,2.0,1.0,1.0,1,4,1,1,2,0,1,0,1,1,1
1.0,1.0,16,5,21.0,2.0,0.0,1.0,4,4,1,1,1,0,1,0,1,2,1
7.4,2.0,22,3,100.0,0.0,0.0,12.0,2,4,1,0,1,0,0,2,0,2,2
6.0,5.0,21,4,35.0,0.0,0.0,5.0,3,4,0,0,1,0,0,2,0,2,2
8.0,1.0,19,5,50.0,0.0,0.0,5.0,1,4,1,0,1,0,0,2,0,2,0
9.0,0.0,18,3,10.0,1.0,0.0,8.0,3,4,0,0,1,0,0,2,0,2,2
8.0,2.0,23,5,120.0,2.0,0.0,10.0,1,4,0,0,1,1,0,2,0,2,1
7.0,3.0,22,3,15.0,0.0,0.0,8.0,5,4,1,0,1,0,0,2,0,2,1
9.8,0.0,21,5,90.0,3.0,0.0,5.0,2,4,1,0,1,0,1,2,0,2,2
8.5,1.0,19,1,40.0,0.0,0.0,7.0,2,4,1,0,0,0,0,2,0,2,2
8.5,2.0,18,1,56.0,1.0,0.0,9.0,4,4,1,0,1,0,1,2,0,2,2
7.5,3.0,23,1,30.0,0.0,8.0,5.0,4,4,1,0,1,0,1,2,0,2,2
9.0,1.0,19,2,60.0,4.0,0.0,12.0,2,4,1,0,1,0,1,2,1,2,2
8.3,1.0,22,4,50.0,2.0,0.0,6.0,5,4,0,0,1,0,0,2,0,0,1
2.0,2.0,22,1,12.0,2.0,2.0,2.0,2,4,2,1,2,1,1,1,1,2,2
7.8,3.0,18,5,35.0,1.0,0.0,8.0,5,4,1,0,1,0,0,2,0,2,2
9.0,0.0,23,5,25.0,3.0,0.0,8.0,1,4,0,0,1,1,1,2,0,2,2
8.0,2.0,22,4,70.0,1.0,0.0,8.0,2,4,1,0,1,0,0,2,0,0,2
6.5,4.0,22,3,60.0,0.0,0.0,7.0,1,4,1,0,1,0,0,2,0,1,1
8.25,2.0,20,5,60.0,1.0,0.0,8.0,2,1,1,0,1,0,0,2,0,2,2
8.12,0.0,23,3,60.0,3.0,0.0,7.0,3,6,1,0,1,0,0,2,0,2,1
7.9,0.0,21,3,45.0,2.0,0.0,6.0,3,6,0,0,2,0,0,2,0,2,1
8.76,0.0,23,5,60.0,2.0,6.0,5.0,4,6,1,0,1,0,0,2,0,2,1
9.09,0.0,19,5,45.0,4.0,0.0,7.0,2,6,0,0,1,1,0,2,0,2,2
7.88,1.0,21,4,90.0,3.0,0.0,6.0,3,6,0,0,1,1,0,2,0,2,2
7.67,1.0,23,3,30.0,1.0,6.0,5.0,3,6,0,0,2,1,0,2,0,2,1
7.23,2.0,23,3,60.0,1.0,8.0,5.0,4,6,1,1,2,1,0,2,0,2,1
7.53,1.0,24,4,90.0,3.0,0.0,5.0,3,2,1,0,1,1,0,2,1,2,1
9.12,0.0,22,5,60.0,4.0,0.0,7.0,2,6,0,0,1,0,0,2,0,2,2
8.96,1.0,22,4,40.0,4.0,0.0,6.0,2,0,0,0,1,0,0,2,0,0,0
7.98,1.0,23,4,20.0,2.0,0.0,6.0,3,6,0,0,1,1,1,2,0,2,1
8.32,0.0,20,3,60.0,3.0,0.0,8.0,2,6,0,0,2,1,0,2,0,2,2
7.8,1.0,21,4,90.0,2.0,0.0,7.0,2,6,0,0,1,0,0,2,0,2,2
9.02,0.0,21,4,180.0,6.0,0.0,5.0,3,0,1,0,1,1,1,2,0,2,2
8.18,0.0,21,5,40.0,2.0,0.0,6.0,5,1,1,1,2,1,0,2,0,2,2
